Event_ID,GLIDE,Date,Year,Hazard_Type,Hazard_Class,Location_Districts,RW_Affected,Text_Extracted_Crop_Ha,Full_Description,GEE_Start,GEE_End,IFRC_Severity,IFRC_Affected,GDACS_Active_Alert,EONET_Proximity_Matches,Validated_Affected,Last_Updated
52653,FL-2026-000109-BGD,2026-07-05,2026,Flash Flood,0,Cox's Bazar|Chattogram|Bandarban,0,0.0,"A monsoon depression persisting over south Jharkhand and adjoining Odisha, India, combined with a strong active monsoon current over the North Bay of Bengal, is bringing heavy to very heavy rainfall to Cox's Bazar, Bandarban and Chattogram districts from 6 to 9 July 2026. [...] In the 24 hours to 6:00 AM on 7 July, BMD recorded 283 mm of rainfall in Chattogram, 195 mm in Kutubdia, 129 mm in Cox's Bazar and 128 mm in Bandarban, indicating that the heaviest rainfall band has shifted north into Chattogram while remaining severe across all three districts. 

[...] In the early hours of 6 July, three separate landslides struck Rohingya refugee camps (FDMN) in Ukhiya upazila Jamtoli Camp-15, Kutupalong Camp-7 and Balukhali Camp-11 killing eight people, including five children, when hillsides collapsed onto shelters built on unstable slopes. A ninth person died in a separate landslide in Cox's Bazar municipality. [...] With rainfall intensifying and risk levels rising across all three districts, the cumulative toll has continued to climb: as of 7 July, 10 fatalities and 88 injuries have been recorded across 170 weather-related incidents since 5 July, and the potential for further casualties and damage remains high over the coming days as forecasted. ([Bangladesh Red Crescent, 7 Jul 2026](https://reliefweb.int/node/4220604))

An estimated 1.11 million people have been affected across 10 districts, including more than 12,900 persons with disabilities. As of 12 July, 51 deaths had been reported in connection with the floods and landslides. At least 38,422 people are staying in 1,047 formal evacuation shelters. Flooded roads, damaged bridges, landslides and waterlogging continue to constrain humanitarian access. Preliminary Government reports indicate that 29,741 houses were damaged in Bandarban and Chattogram. ([UN RC Bangladesh, 14 Jul 2026](https://reliefweb.int/node/4221259))

The monsoon depression and subsequent heavy rainfall have created a district-wide humanitarian situation affecting both the Rohingya camps and host communities in Cox's Bazar. As of 12 July 2026, a total of 182,015 affected individuals, 30 fatalities, 39 injured both from camp settlement and host communities in Cox's Bazar from the period of 5-12 July 2026. [...] All 33 camps have been affected by a combination of landslides, flooding, windstorm damage, drowning incidents and infrastructure collapse, resulting in fatalities, injuries, displacement and extensive damage to shelters, WASH facilities, and community infrastructure. As of 12 July 2026, 42,934 individuals have been affected, 9,707 people displaced, 15 deaths, 20 injured reported across the camp settlements. ([IFRC, 18 Jul 2026](https://reliefweb.int/node/4221995))

Heavy monsoon rains, flash floods, and landslides continue to impact communities across Bangladesh, with an estimated 1.28 million people affected in seven districts, including more than 15,500 persons with disabilities. Approximately 436,000 people are estimated to require humanitarian assistance, while 59 deaths have been reported in the seven most affected districts as of 22 July 2026. A total of 74,479 houses have been damaged or destroyed, while flooding has fully or partially damaged 29,076 water points and 36,550 latrines, severely affecting access to safe water and sanitation across 42 upazilas in six districts. [...] Combined losses to the livestock and fisheries sectors are estimated at US$17.3 million across the affected districts. ([UN RC Bangladesh, 23 Jul 2026](https://reliefweb.int/node/4222682))",2026-05-16,2026-08-24,,0.0,0,0,0.0,2026-09-22 19:10:12
52558,EP-2026-000048-BGD,2026-03-15,2026,Epidemic,6,National,0,0.0,"The Bangladesh Directorate General of Health Services (DGHS) reported that 118 children have died across the country since March 15 with suspected measles. During the same period, 5,940 children were hospitalised with measles symptoms, of whom 1,099 were further positively confirmed. Bangladesh launched an emergency measles-rubella campaign on April 5 with UNICEF, WHO and GAVI, to protect over 1.2 million children in 30 upazilas (sub-district administrative units). IFRC is facilitating the mobilisation of community volunteers for emergency vaccination campaign. The Dhaka Division has recorded the highest number of confirmed cases to date. ([ECHO, 7 Apr 2026](https://reliefweb.int/node/4206226))

Bangladesh faced a nationwide measles surge since mid-March, with cases reported in 57 on 64 districts. As of 9 April, 11,133 suspected cases and 1,599 confirmed cases had been recorded, alongside 138 suspected child deaths. Transmission remained high, mainly affecting children under five (80%), reflecting immunity gaps due to sub-optimal routine vaccination. In Rohingya camps (Cox’s Bazar), 76 suspected and 8 confirmed cases had been reported across multiple camps (including Camps 1E, 2E, 5, 9, 18, 20, 27 and Bhasan Char). Most cases (75%) were children under five, and 75% were unvaccinated. No cases had been confirmed among recent arrivals, but overcrowding and unknown vaccination status of 150,000 new refugees heightened outbreak risk. ([ECHO, 10 Apr 2026](https://reliefweb.int/node/4206861))

Bangladesh had been experiencing a measles outbreak across 58 out of 64 districts. As of 16 April, 166 children had died (32 laboratory-confirmed) and 19,161 cases had been hospitalised (2,973 laboratory-confirmed). In Rohingya camps, 211 suspected cases had been reported (8 confirmed). The outbreak was driven by gaps in routine immunisation, with clusters of zero-dose and under-vaccinated populations, compounded by delays in the 2025 nationwide measles-rubella (MR) campaign. [...] An emergency MR campaign began on 5 April, and reached 943,000 children (6 months–5 years) by 13 April. Around 22 million doses were being distributed. In Rohingya camps, vaccination targeted 178,028 children. ([ECHO, 16 Apr 2026](https://reliefweb.int/node/4207826))

As of 22 April, 27,164 suspected cases and 3,934 laboratory-confirmed cases had been reported nationwide, including at least 190 measles-related deaths, although the overall mortality burden is likely to be underestimated due to underreporting. Children under five accounted for 80 per cent of reported cases as of 19 April. Transmission was reported in Rohingya refugee camps, where 331 suspected measles cases, including eight laboratory-confirmed cases, had been reported as of 22 April. The measles-rubella vaccination campaign expanded on 20 April, with 4.14 million children vaccinated. Partners deployed 14.9 million doses and trained more than 26,000 frontline workers. ([UN RC Bangladesh, 23 Apr 2026](https://reliefweb.int/node/4209004/))

The 2026 measles surge represented a dramatic escalation, with confirmed cases jumping to more than 5,400 compared to less than 280 annually in the previous five years. From 15 March to 4 May, a total of 41,793 suspected measles cases were reported nationwide. Since mid March, a total of 5,567 laboratory confirmed measles cases and 253 suspected measles deaths had been reported nationally. Dhaka Division reported the highest cumulative burden, with 18,975 cases, and 34 confirmed deaths. According to the latest EPI coverage evaluation data (2023), national coverage for the first and second doses of the measles–rubella (MR) vaccine had stood at 86.1% and 80.7%, respectively. This leaves a substantial proportion of children unvaccinated. Weekly syndromic surveillance data indicated a sharp rise in measles consultations from epidemiological weeks 12–15 of 2026, suggesting intensified transmission during April. Children under five years accounted for 61% of laboratory-confirmed cases in 2026, including 22% among infants younger than nine months. The epidemiological evidence indicated active and expanding measles transmission in Rohingya camps, with incidence markedly exceeding recent years. Persistent zero-dose and partial vaccination among confirmed cases continues to drive outbreak risk in densely populated camp environments. Mortality data and case fatality ratios were not reported, limiting assessment of disease severity. ([Bangladesh Red Crescent & IFRC, 5 May 2026](https://reliefweb.int/node/4210657))

Bangladesh had reported 57,856 suspected measles cases and 8,067 confirmed cases across all 64 districts by 20 May, with children under five accounting for 81 per cent of reported cases. More than 18.3 million children had been vaccinated through the nationwide measles rubella (MR) campaign, surpassing the initial target and reaching 102 per cent coverage. Weekly measles transmission remained high, with average daily reported cases had exceeded 1,100 since 9 April, despite declines observed in several high-priority upazilas following the start of vaccination activities. In Bhasan Char and Cox’s Bazar camps, vaccination campaigns reached most targeted children, while 595 suspected cases, 60 confirmed cases and five deaths had been reported among Rohingya refugees to date. ([UN RC Bangladesh, 21 May 2026](https://reliefweb.int/node/4213049))

As of 30 June, more than 100,000 suspected measles cases and 12,000 confirmed cases had been reported, including 625 suspected and 93 confirmed deaths across all 64 districts. Children under five account for 81% of reported cases. In the Rohingya camps, the emergency Measles and Rubella vaccination campaign reached 67,000 children aged 6-59 months, with post-campaign monitoring confirming 96% coverage. In the surrounding host communities, UNICEF supported district authorities to expand the Outbreak Response Immunization campaign to all upazilas in Cox’s Bazar district, vaccinating 458,600 children. ([UNICEF, 5 Aug 2026](https://reliefweb.int/node4224525))",2026-01-24,2026-05-04,Yellow,,0,0,0.0,2026-09-22 19:10:12
52376,FL-2025-000076-BGD,2025-05-29,2025,Flood,0,Habiganj|Netrokona|Rangamati|Patuakhali|Khagrachari|Moulvibazar|Lakshmipur|Sunamganj|Barishal|Feni|Bandarban|Bhola|Cumilla|Noakhali|Sylhet,0,1850.0,"The ongoing flood crisis in Bangladesh began in mid-May 2025, primarily triggered by heavy monsoon rainfall and upstream water flow from India. As of 1 June 2025, several districts, including Sylhet, Sunamganj, Moulvibazar, Habiganj, Netrokona, Noakhali, Bhola, Khagrachari, Bandarban and Rangamati have been severely affected. ([Bangladesh Red Crescent Society, 2 Jun 2025](https://reliefweb.int/node/4156567/))

Torrential rains marking the start of the monsoon season hit crowded refugee camps between 31 May-1 June, damaging thousands of Rohingya shelters. In just two days, some 53 landslides were reported across the 33 camps, damaging over 1,400 homes in combination with floods and strong winds; one refugee was killed as a wall collapsed and lightning strikes reportedly injured eleven. With the monsoon season running from end of May through August, humanitarian partners have been working proactively to mitigate the risk, including pre-positioning humanitarian supplies such as tarpaulins and rope to secure them, sleeping mats water purification tablets and jerrycans. ([UNHCR, 2 Jun 2025](https://reliefweb.int/node/4156482/))

In addition, a deep tropical depression impacted the coastal district of Patuakhali, affecting over 66,000 people. The storm damaged approximately 1,800 fish farms and affected 1,850 hectares of agricultural land. According to a rapid needs assessment conducted by JAGO NARI, immediate priorities include food assistance, cash support for shelter repairs, recovery assistance for agriculture and fisheries, and rehabilitation of damaged infrastructure. ([OCHA, 2 Jun 2025](https://reliefweb.int/node/4157136/))

Southeast Bangladesh has faced heavy and continued rainfall for the past few days, subsequent rise in water levels in major rivers, and onrush of upstream water from the Indian hills. This impacted several districts, including Feni, Cumilla, Banderban, Lakshmipur and Barishal, Noakhali [...] According to Bangladesh’s Ministry of Disaster Management and Relief, 3,837 families in Fulgazi, Parashuram and Feni Sadar Upazilas (sub-districts) have been waterlogged and are without electricity and mobile coverage, and 15,350 people have been affected. Shelters in three *upazilas* are holding 1,532 people and 205 cattle. ([ECHO, 10 Jul 2025](https://reliefweb.int/node/4164326/))

With the onset of the monsoon season at the end of May, days of intense monsoon rains and high winds have triggered landslides, floods, and widespread damage across the Rohingya refugee camps in Cox’s Bazar, Bangladesh, impacting approximately 65,000 people across 33 camps, according to the Needs and Population Monitoring (NPM) unit of IOM. By the end of June, over 43,000 people across 17 IOM-managed camps were affected, leaving many families in urgent need of assistance. ([IOM, 10 Aug 2025](https://reliefweb.int/node/4169780/))",2025-04-09,2025-07-18,,0.0,0,0,0.0,2026-09-22 19:10:12
52047,FL-2024-000088-BGD,2024-06-18,2024,Flash Flood,0,National,0,311419.0,"On 18 and 19 June, heavy monsoon rainfall impacted the refugee camps in Cox’s Bazar, southeastern Bangladesh causing flash floods and 773 landslides incidents, resulting in casualties and damage. According to humanitarian partners, as of 19 June, 10 people died, including at least seven Rohingya refugees, almost 8,000 people have been affected across 33 camps in Cox’s Bazar and also around 1,200 shelters. Rising water and mudslides have damaged learning centers, health facilities, mosques, latrines, water points and bathing cubicles. Flooding from heavy rains has also affected 1.6 million people in other parts of the country. Nearly 30,000 people moved to shelter centres while many families were seen wandering in northeastern Bangladesh. Only in Sylhet district, almost 75 percent of areas, including 23 wards of the city and 1,548 villages in 13 Upazilas, have been flooded, directly affecting over 825,000 people. In Sunamganj district, flooding affected 560,000 people. ([ECHO, 20 Jun 2024](https://reliefweb.int/node/4071746))

Continuous heavy rainfall inside the country over the past three days and onrushing water from upstream have flooded the northeast Haor region of Bangladesh. Sylhet and Sunamganj districts have experienced 242 mm and 223 mm of rainfall respectively already exceeded monthly average.Almost 75% of Sylhet district is now flooded, with more than half of the crops and paddy fields in the region submerged under water, likely to have lasting impacts on people’s food security. According to humanitarian partners, as of 19 June, 15 people died due to landslides. ([ECHO, 21 Jun 2024](https://reliefweb.int/node/4072040)) 

Following the heavy rainfall and widespread floods brought by heavy rainfall, the amount of humanitarian impact increased in Bangladesh, particularly across the districts of Sylhet and Sunamganj in north-eastern Bangladesh and in Cox's Bazar area, south-eastern Bangladesh. According to CARE International, the death toll stands at ten while 260,000 people have been displaced and sheltered in more than 1,000 shelters and 3.74 million people have been affected. In addition, UNICEF reports that 772,000 children are at risk of drowning, malnutrition, and waterborne diseases. ([ECHO, 1 Jul 2024](https://reliefweb.int/node/4074244))

Torrential rains and upstream flow resulted in the flooding of lower areas in 15 districts and left thousands of people stranded. State Minister for Disaster Management and Relief indicated that around 2 million people in 15 districts were affected by the ongoing floods. The worst-affected districts are Sylhet, Sunamganj, Netrokona, Moulvibazar, Habiganj, Rangpur, Jamalpur, Gaibandha, Feni, Rangamati, Bogra, Kurigram, Sirajganj, Lalmonirhat, Tangail and Cox’s Bazar. ([ECHO, 8 Jul 2024](https://reliefweb.int/node/4076109))

Several parts of Bangladesh are still experiencing monsoon heavy rainfall, widespread floods and the overflow of several rivers, which have resulted in evacuations and damage. According to the Bangladesh Red Crescent Society (BDRCS), as of 7 July, in the northeast parts, particularly in Sylhet, Sunamganj, Moulvibazar, Habiganj, Kishoreganj and Netrokona, 2.5 million people have been affected. At the same time, in the northern Districts, including Lalmonirhat, Kurigram, Gaibandha, Bogura, Sirajganj, Jamalpur, Tangail, and Munshigan, almost 750,000 people have been impacted and more than 12,000 evacuated. Furthermore, in the southeastern districts - Feni, Rangamati, Khagrachari, Bandarban, and Coxs Bazar - thousands of people have been affected by heavy rain and floods. ([ECHO, 9 Jul 2024](https://reliefweb.int/node/4076447))

Flooding caused by recent monsoon rains and swollen rivers has engulfed multiple northern districts of Bangladesh, severely impacting low-lying areas, chars and riverine regions submerged since July 12. The Flood Forecasting and Warning Centre (FFWC) estimates that 5.13 million people face potential inundation in Jamuna River basin districts, including 1.5 million children aged 5-19 years and over 80,000 persons with disabilities. The Bangladesh Meteorological Department (BMD) issued a heavy rainfall warning on 11 July, effective for 48 hours, covering these districts and neighboring Indian states. The Brahmaputra-Jamuna River has breached danger levels in Bogura, Gaibandha, Jamalpur and Kurigram, exacerbating the situation. The government's response includes TK 9,500,000 in cash relief, 3,700 tons of rice, and 13,500 food packs distributed across severely affected areas to provide urgent assistance to affected populations amidst this ongoing crisis. ([OCHA, 16 Jul 2024](https://reliefweb.int/node/4078287))

Bangladesh has recently undergone civil unrest and turmoil, compounding the already existing humanitarian situation that resulted from the recent Cyclone Remal [...], and the floods in the northeastern parts of the country that affected 3.74 million people (1.93 million women, 1.65 million children aged 0-19, and 37,219 people with disabilities) in 6 districts in the northern regions. The situation has impacted the well-being and lives of millions of children, women, and the entire population. Response efforts are being hindered by disrupted logistics, communication breakdowns, and coordination issues, leading to delays in delivering water and essential supplies such water purification tablets, education in emergency kits (EIE kits) and dignity kits. Violence and unrest resulted in roadblocks and curfews, restricting access to affected areas and delaying the provision of emergency services. The safety of humanitarian workers is at risk, further limiting their ability to assist, while increased anxiety, fear and mental stress have reduced attendance at awareness sessions and impacted health services seeking by communities. ([UNICEF, 21 Aug 2024](https://reliefweb.int/node/4087939))

Floods in eastern Bangladesh, caused by heavy monsoon rains and upstream onrush of water, have impacted 3 million people since 21 August.
Over 60,000 people are displaced in 500 communal shelters, and one casualty has been reported. Affected districts have been without electricity since 20 August. The government has provided dry food and cash and the army has been deployed for rescue operations. ([ECHO, 22 Aug 2024](https://reliefweb.int/node/4088233))

Following the flash floods caused by heavy rainfall that have been affecting eastern Bangladesh since 20 August, the number of casualties and damage is increasing. According to DG ECHO and OCHA, as of 27 August, at least 23 fatalities have been reported, 415,273 people have been sheltered in 3,654 evacuation centres, 1,047,029 people are trapped in floodwaters and 5.5 million people have been affected in 11 districts. In addition, several highways and roads have been affected by floods, and at least 928,000 people are affected by power outages in nine districts. The affected districts are Noakhali, Cumilla, Feni, Brahmanbaria, Habiganj, Moulvibazar, Khagrachari, Chattogram, Cox’ Bazar, Lakshmipur and Sylhet, with Noakhali, Cumilla and Feni as the most affected. ([ECHO, 28 Aug 2024](https://reliefweb.int/node/4089668))

The heavy rainfall continues to hit eastern Bangladesh causing widespread floods and resulting in an increasing number of casualties and damage. According to humanitarian partners and media, 52 people have died across 11 districts of eastern Bangladesh. Among the fatalities, 17 people died in Feni, 14 in Comilla, eight in Noakhali, six in Chittagong, three in Cox’s Bazar, and one respectively in Brahmanbaria, Khagrachhari, Moulvibazar and Lakshmipur. Moreover, more than 5.8 million people have been affected in 492 municipalities of the aforementioned districts and at least 502,501 people have been sheltered in 3,403 evacuation centres. ([ECHO, 30 Aug 2024](https://reliefweb.int/node/4090332/))

As of August 25, 2024, an estimated 162,823 water points and 295,689 toilets have been damaged, according to the Needs Assessment Working Group. [...] more than 7,000 schools have been closed due to flooding, affecting the education of 1,750,000 primary school students across the affected districts. Many of these schools are either submerged or being used as shelters, severely disrupting children's education. ([UNICEF, 3 Sep 2024](https://reliefweb.int/node/4091271/))

According to the National Disaster Response Coordination Centre report dated 3 September 2024, 71 fatalities have been recorded; 582,155 families remain stranded by floodwater; 4,003 shelters have been set up to accommodate 540,510 people and 39,531 livestock. The flooding has caused extensive damage, submerged 311,419 hectares of land and destroyed 6,542 kilometres of roads and 1,066 bridges and culverts, disrupted key transportation links, including road and rail connections between Dhaka and Chattogram. The Needs Assessment Working Group reported USD 34 million losses in livestock, USD 121.6 million in fisheries and 162,823 water points, 295,689 latrines were damaged. Additionally, over 7,000 schools have been forced to close, impacting approximately 175,000 primary students. ([Bangladesh Red Crescent, 5 Sep 2024](https://reliefweb.int/node/4091926/))

The floods in the northeastern regions that begun in June 2024, impacted 3.74 million people, including 1.93 million women, 1.65 million children, and 37,219 people with disabilities, further straining the nation's resources. Additionally, the Chattogram and Sylhet Divisions continue to suffer from the impact of severe flooding, which began on August 17, 2024, due to heavy monsoon rains. The rising water levels in major rivers such as the Gomti, Muhuri, and Halda have affected approximately 5.82 million people, including 2.36 million children. With 712 reported deaths and over half a million people displaced, many remain stranded without food or aid, and rescue efforts are hampered by inaccessibility in certain areas. ([UNICEF, 11 Sep 2024](https://reliefweb.int/node/4093218/))

As of 15 September 2024, according to the National Disaster Risk Reduction Control (NDRRC), heavy rainfall has caused landslides and flooding in the low-lying areas of 5 upazilas and 3 pourashavas in Cox’s Bazar district with approximately 1 million people affected. Water levels are receding as rainfall subsides in Cox’s Bazar and rivers in the district are now flowing below the danger level. Those who took shelter have returned to their homes. ([OCHA, 18 Sep 2024](https://reliefweb.int/node/4094685/))

Heavy rainfall has been affecting northern Bangladesh since 3 October, causing floods that resulted in casualties and damage. According to media, as of 7 October, eight people died, more than 1,000 families have been evacuated, and more than 200,000 people across 200 villages have been affected by floods in Sherpur district in Mymensingh division. ([ECHO, 7 Oct 2024](https://reliefweb.int/node/4099634/))

Northern Bangladesh is still experiencing monsoon rainfall and consequent floods, that are causing widespread damage. According to media, as of 10 October, ten people died, including eight in the Sherpur district, at least 1,337 people have been displaced in 140 shelters and a total of 238,931 people have been affected across three districts in the Mymensingh division. According to CARE, almost 400,000 people are potentially exposed and affected by floods across six districts in Mymensingh and Sindh divisions. ([ECHO, 10 Oct 2024](https://reliefweb.int/node/4100685/))

The floods have caused a significant loss of livelihoods and household income, and the subsequent halt in economic activities has only deepened the suffering. Agriculture, in particular, has been hit the hardest. [...] According to the Bangladesh Agriculture Ministry, the floods have caused CHF 240 million (USD 282 million) in crop damage, impacting over 1.3 million farmers. This is especially detrimental as the agricultural sector employs roughly 42 per cent of Bangladesh’s workforce. The floods have also resulted in CHF 132 million (USD 156 million) in losses for livestock and fisheries. ([IFRC, 24 Nov 2024](https://reliefweb.int/node/4112938/))

On 31 March, the embankment at polder 7/2 in Bichat village, situated along the Khulpetua River, collapsed—resulting in the washing away of approximately 200 feet of the infrastructure and triggering extensive flooding. Five villages were fully submerged, while low-lying areas in an additional five villages were partially inundated. Thousands of bighas of fishponds and agricultural land were destroyed, along with hundreds of mud houses. Delays in emergency repair enabled floodwaters to spread further, submerging additional croplands and displacing thousands of residents, many of whom sought refuge on nearby embankments. ([OCHA, 8 Apr 2025](https://reliefweb.int/node/4144900/))

Bangladesh has been hit by severe thunderstorms and lightning, resulting in a significant number of fatalities and injuries. As of 12 May, media reports indicate that at least 13 people have been killed and four injured by lightning strikes across the northern districts of Naogaon, Chapaiwabganj, Sherpur, Brahmanbaria, Kishoreganj, and Habiganj. ([ECHO, 14 May 2025](https://reliefweb.int/node/4152677/))
### Appeals & Response Plans

- [![FAO: Bangladesh Cyclone Remal and monsoon floods - Emergency appeal - Cover preview](https://reliefweb.int/sites/default/files/styles/small/public/previews/0c/89/0c89c0cc-863b-419e-9e95-41d396b107cc.png) FAO: Bangladesh Cyclone Remal and monsoon floods - Emergency appeal](https://reliefweb.int/node/4111563)
- [![WFP: Emergency Appeal: World Food Programme Eastern Flood Response - Cover preview](https://reliefweb.int/sites/default/files/styles/small/public/previews/86/6f/866f5f4e-8a22-44a4-a9da-b497c5cb6b47.png) WFP: Emergency Appeal: World Food Programme Eastern Flood Response](https://reliefweb.int/node/4100084)
- [![UN RC Bangladesh: Bangladesh: Cyclone and Monsoon Floods Humanitarian Response Plan (June-December 2024) - Cover preview](https://reliefweb.int/sites/default/files/styles/small/public/previews/4b/c4/4bc4311f-a554-4fa1-995b-c9a6d8728aca.png) UN RC Bangladesh: Bangladesh: Cyclone and Monsoon Floods Humanitarian Response Plan (June-December 2024)](https://reliefweb.int/node/4077775)
- [![IFRC: Bangladesh: Floods Emergency Appeal No. MDRBD036 - Cover preview](https://reliefweb.int/sites/default/files/styles/small/public/previews/13/fc/13fca033-c4ff-4b04-bccb-c149c53fcb6f.png) IFRC: Bangladesh: Floods Emergency Appeal No. MDRBD036](https://reliefweb.int/node/4092170)",2024-04-29,2024-08-07,,0.0,0,0,0.0,2026-09-22 19:10:12
52013,TC-2024-000083-BGD,2024-05-26,2024,Tropical Cyclone,1,National,0,80591.0,"A deep depression over the Bay of Bengal intensified into Cyclonic storm “Remal” and it is expected to make landfall near West Bengal and Bangladesh coasts around midnight between 26 and 27 May. Wind speed ranging 90-120 kmph (with a maximum up to 135) and a surge height ranging 3-4 m are expected in the coastal areas of Satkhira, Khulna, Bagerhat, Pirojpur, Hatia, Bhola, Patuakhali, Barisal, Noakhali, Lakshmipur, Feni, Cumilla, Chittagong and Cox's Bazar. There is a particular alert for Rohingya camps and hill districts for heavy rainfall and subsequent landslide risks. The overall potential exposed population is 1.9 million, who may be displaced during the cyclone, with almost 0.5 million houses estimated to be possibly damaged or destroyed. ([ECHO, 26 May 2024](https://reliefweb.int/node/4065093/))

A tropical storm named REMAL formed over the northern Bay of Bengal on 25 May. It made landfall over the border area between India, West Bengal state and Bangladesh, Khulna division on 26 May around 18.00 UTC. Tidal surges as high as 12 feet, heavy rainfall, and wind speeds of up to 120 km/h have led to inundation of many southwestern coastal areas of Bangladesh. In Bangladesh, over 800,000 people have been evacuated to safer areas in 16 coastal districts ahead of the cyclone in 9,000 shelters. Tens of thousands of volunteers had been mobilized by the Ministry of Disaster Management and Relief (MoDMR) to quicken the evacuation efforts and relief has already been transported to remote areas. 10,599 houses are so far reported fully destroyed, while 18,605 are reported partially destroyed, and 9 people are reported dead. Millions are without power. Over the next 48 hours, very heavy rainfall and strong winds are expected over West Bengal and most of Bangladesh. ([ECHO, 27 May 2024](https://reliefweb.int/node/4065276/))

As of 28 May, ten casualties are reported across southern Bangladesh and six more in the West Bengal state (India). Around 800,000 are displaced across Bangladesh and 150,000 in India. Approximately 3.75 million of affected people in both countries. Around 115,000 houses were reported damaged in India and 35,000 destroyed in Bangladesh, fostering high risk of protracted displacement. ([ECHO, 28 May 2024](https://reliefweb.int/node/4065626/))

Media report, as of 29 May, a total of 54 fatalities, of which 44 in India and 10 across Bangladesh. In India, 27 fatalities and seven missing people were reported across the Mizoram state, seven fatalities in West Bengal, four fatalities and 18 injured people in Assam, four fatalities in Nagaland and two fatalities and four injured people in Meghalaya. More than 37,000 damaged houses were reported across the affected states. In Bangladesh, around 807,000 people have been evacuated in nearly 9,500 shelters and around 70,285 houses have been completely destroyed, 107,176 of which partially damaged. ([ECHO, 29 May 2024](https://reliefweb.int/node/4065963/))

The humanitarian impact is increasing after the passage of tropical storm REMAL which made landfall near the Bangladesh-India border and crossed north-eastern India on 26-28 May. According to the International Federation of Red Cross and Red Crescent Societies (IFRC), as of 29 May, in Bangladesh 16 people died, 807,023 people have been evacuated to 9,424 evacuation centres and almost 3.5 million people have been affected. In addition, 40,246 houses were completely damaged, and 131,678 others were partially damaged. The rain and high tides damaged some embankments and flooded coastal areas in the Sundarbans. Rain brought by the cyclone, flooded roads also in the capital Dhaka. In India, media report at least 37 fatalities, most of them in Mizoram State, dozens missing people, and hundreds of evacuated. The worst affected states are Mizoram, West Bengal, Assam, and Meghalaya. ([ECHO, 30 May 2024](https://reliefweb.int/node/4066382/))

Tropical storm REMAL struck northeastern India and Bangladesh from May 26-28, causing severe flooding and landslides. In India's northeast, 39 people were reported dead, with the highest fatalities in Mizoram. Dozens remain missing, over 500 were injured, and significant displacement has occurred, with nearly 21,000 affected and 175 homes damaged across Nagaland, Meghalaya, and Tripura. In Manipur, the storm impacted around 188,143 people and damaged over 24,000 houses. West Bengal's South 24 Parganas district saw 1.9 million people affected, thousands of homes damaged, and over 150,000 people evacuated to relief camps. Further assessments are pending. In Bangladesh, the cyclone's aftermath left 16 dead and affected 3.75 million people, according to Save the Children. Approximately 150,000 homes were hit, affecting 639,000 people, including many children. ([ECHO, 31 May 2024](https://reliefweb.int/node/4066693/))

In **India**, 10 days after the cyclone Remal made a landfall, there has been random episodes of unseasonal rainfall in the affected area. As per media reports 07 people have lost their lives and nearly 100 people have been injured as a consequence of the cyclone. People continue to live in damaged and uninhabitable conditions with unusable toilet facility conditions. Some local donor agencies have supported with tarpaulin sheets which is providing temporary relief. There were more than 1,400 relief camps functional during the cyclone, now they have been closed and people have returned to their homes, many of which have been partially or completely destroyed. As per government reports from the district of South 24 Parganas, 23 blocks, 249 Gram Panchayats (village level government administration), 1,905,032 people are affected. Government has distributed 70,914 tarpaulins and 153,353 fresh cooked meals to the impacted people. ([UNICEF, 7 Jun 2024](https://reliefweb.int/node/4068624))

In **Bangladesh**, according to the Department of Disaster Management (DDM), under the Ministry of Disaster Management and Relief (MoDMR), about 4.6 million people were affected by Cyclone Remal in 19 districts, and 16 people died across seven districts. Approximately 807,023 people were evacuated to 9,424 evacuation shelters across 19 districts. Over 173,000 houses were damaged, including 40,338 that were completely uninhabitable. About 80,591 hectares of cultivable land were inundated. Additionally, 50,000 fish enclosures, 34,000 ponds, and 4,000 crab farms were severely flooded, disrupting food supply chains, and exacerbating livelihoods and food insecurity. More than 530,000 farmers have been affected by damage to crops worth BDT 10,595 million (USD 90.7 million). ([IFRC, 1 Jul 2024](https://reliefweb.int/node/4074688))

**Bangladesh** has recently undergone civil unrest and turmoil, compounding the already existing humanitarian situation that resulted from the recent Cyclone Remal [...] and the floods in the northeastern parts of the country [...]. The situation has impacted the well-being and lives of millions of children, women, and the entire population. Response efforts are being hindered by disrupted logistics, communication breakdowns, and coordination issues, leading to delays in delivering water and essential supplies such water purification tablets, education in emergency kits (EIE kits) and dignity kits. Violence and unrest resulted in roadblocks and curfews, restricting access to affected areas and delaying the provision of emergency services. The safety of humanitarian workers is at risk, further limiting their ability to assist, while increased anxiety, fear and mental stress have reduced attendance at awareness sessions and impacted health services seeking by communities. ([UNICEF, 21 Aug 2024](https://reliefweb.int/node/4087939))

By September 2024, a total of 18.4 million people in **Bangladesh** have been impacted by cyclone Remal and recurrent floods, leaving an estimated 6.4 million in need of immediate assistance in 29 districts, which accounts for 45 per cent of the 64 total districts. ([UNICEF, 28 Oct 2024](https://reliefweb.int/node/4105265))

Six months after Cyclone Remal made landfall, the most vulnerable families in **Bangladesh** continue to struggle to recover from its impacts. In the worst-affected areas, many people are still living in damaged homes, unable to afford repairs. With the onset of winter between December and January, these families are likely to face additional hardships as they contend with cold weather. The cyclone caused significant losses in household income and livelihoods, compounded by a subsequent economic downturn. Damage to standing crops, essential tools, and equipment, along with saline water intrusion, has severely disrupted agricultural production. In some of the hardest-hit areas, access to hygiene, sanitation, and safe drinking water remains extremely limited. ([IFRC, 20 Jan 2025](https://reliefweb.int/node/4126487))
### Appeals & Response Plans

- [![FAO: Bangladesh Cyclone Remal and monsoon floods - Emergency appeal - Cover preview](https://reliefweb.int/sites/default/files/styles/small/public/previews/0c/89/0c89c0cc-863b-419e-9e95-41d396b107cc.png) FAO: Bangladesh Cyclone Remal and monsoon floods - Emergency appeal](https://reliefweb.int/node/4111563)
- [![WFP: Emergency Appeal: World Food Programme Eastern Flood Response - Cover preview](https://reliefweb.int/sites/default/files/styles/small/public/previews/86/6f/866f5f4e-8a22-44a4-a9da-b497c5cb6b47.png) WFP: Emergency Appeal: World Food Programme Eastern Flood Response](https://reliefweb.int/node/4100084)
- [![UN RC Bangladesh: Bangladesh: Cyclone and Monsoon Floods Humanitarian Response Plan (June-December 2024) - Cover preview](https://reliefweb.int/sites/default/files/styles/small/public/previews/4b/c4/4bc4311f-a554-4fa1-995b-c9a6d8728aca.png) UN RC Bangladesh: Bangladesh: Cyclone and Monsoon Floods Humanitarian Response Plan (June-December 2024)](https://reliefweb.int/node/4077775)
- [![WFP: WFP Bangladesh Response Plan June 2024 - Cyclone Remal - Cover preview](https://reliefweb.int/sites/default/files/styles/small/public/previews/58/71/5871077b-b700-4b2e-9618-975898d9f56c.png) WFP: WFP Bangladesh Response Plan June 2024 - Cyclone Remal](https://reliefweb.int/node/4072579)
- [![IFRC: Bangladesh | Cyclone Remal - Emergency Appeal №: MDRBD035 - Cover preview](https://reliefweb.int/sites/default/files/styles/small/public/previews/d5/74/d5747006-0a09-42ba-936f-b1bfca95d28e.png) IFRC: Bangladesh | Cyclone Remal - Emergency Appeal №: MDRBD035](https://reliefweb.int/node/4067298)",2024-04-06,2024-07-15,,0.0,0,0,0.0,2026-09-22 19:10:12
51990,HT-2024-000056-BGD,2024-04-21,2024,Heat Wave,3,Manikganj|Sherpur|Thakurgaon|Mymensingh|Joypurhat|Kushtia|Magura|Rajshahi|Natore|Sirajganj|Pirojpur|Pabna|Jhenaidah|Meherpur|Barguna|Gazipur|Patuakhali|Naogaon|Tangail|Lalmonirhat|Gopalganj|Rangpur|Faridpur|Panchagarh|Rajbari|Khulna|Chuadanga|Satkhira|Gaibandha|Barishal|Madaripur|Bagerhat|Dhaka|Nilphamari|Jamalpur|Bhola,0,0.0,"Based on the Bangladesh Meteorological Department (BMD) data source dated 21 April 2024, severe to very severe, heatwave was sweeping some districts of the country where mild-moderate heatwave was sweeping over most of the districts of the country. BDRCS forecast monitoring report indicates maximum temperatures exceeding to 38 degree Celsius, with the heat index surpassing 38 for two or more consecutive days. On 24 April 2024, severe heatwave (>=40 degree Celsius) was observed in the district of Rajshahi, Pabna, Khulna, Bagerhat, Jeshore and Patuakhali. On 26 April 2024, Bangladesh set all-time heatwave record as the Meteorological Office recorded 24 days of heatwave during the month of April breaching previous 23 days of heatwave in 2019. According to BMD dated on 27 April 2024, severe to very severe heatwave (>=40 degree Celsius) has been observed in the district of Rajshahi, Pabna, Chuadanga, Natore, Chapai Nawabganj, Kushtia, Jhenaidah, Jashore, Meherpur and Bogura. Moderate heat wave (>38- 39.9 degree Celsius) is sweeping over the district of Bagerhat, Satkhira, Barguna, Barishal, Patuakhali, Jhalokathi, Bhola, Pirojpur, Sherpur, Mymensingh, Sirajganj, Tangail, Jamalpur, Thakurgaon, Joypurhat, Panchagarh, Lalmonirhat, Faridpur, Madaripur, Magura, Manikganj, Rajbari, Gazipur, Gopalganj, Nilphamari, Rangpur, Naogaon, Gaibandha and it may spread. According to the observed heatwave, most impacted divisions are Rajshahi, Khulna, Rangpur, Dhaka and Barisal ... According to Directorate General of Health Services (DGHS) as of 30 April, a total of 10 people died of suspected heat stroke in different parts of Bangladesh. As the heatwave has been sweeping over the country, the government of Bangladesh declared closing of schools and colleges for one week up to 27 April and forced 33 million children out of schools in Bangladesh. According to daily Newspaper Prothom Alo, around 70 percentage of total Bangladesh population are impacted due to heatwave particularly people living in Khulna, Rajshahi, Rangpur, Dhaka and Barisal division for several days, causing significant hardship, particularly the people who are working outside in sun. ([IFRC, 4 May 2024](https://reliefweb.int/node/4059839))

Over the past two weeks, a heatwave has affected several parts of Bangladesh, impacting millions of people. Media report at least 15 fatalities due to heat-aggravated conditions, with most of the deaths recorded in the Magura district (south-western Bangladesh). Following this meteorological event, the authorities closed schools, colleges, madrasas and technical education institutions across the country. According to the Bangladesh Meteorological Department (BMD), mild heat waves will continue on 7 May over the districts of Gopalgonj, Jashore and Chuadanga (southern Bangladesh) and it could abate in the next few days. ([ECHO, 7 May 2024](https://reliefweb.int/node/4060464))",2024-03-02,2024-06-10,,0.0,0,0,0.0,2026-09-22 19:10:12
51682,FL-2023-000157-BGD,2023-08-07,2023,Flash Flood,0,Rangamati|Chattogram|Feni|Bandarban|Cox's Bazar,0,0.0,"On 7 August, heavy rain triggered flash floods in South-eastern Bangladesh as major rivers flowed far above their danger levels, leaving many areas submerged in Chattogram, Cox’s Bazar, Bandarban and Feni. Landslides left four people dead and six injured, and damaged 718 houses. More than 190 temporary shelters have been opened and 43 medical teams mobilised. The government has allocated 20 tons of rice and cash support and BDRCS is intervening via early warning and emergency distributions. In Cox’s Bazar refugees’ camps, 9,237 individuals have been impacted (10 people injured, 2 casualties, 1,192 displaced). More than 1,430 shelters have been damaged and facilities affected. Relocation and emergency response is ongoing. ([ECHO, 8 Aug 2023](https://reliefweb.int/node/3987148/))

Severe damages have been inflicted upon the Chattogram Division (Chittangon), specifically in the districts of Chattogram, Bandarban, Cox's Bazar, and Rangamati, due to heavy rainfall and water flowing down from the hills. The UNOSAT FloodAI Monitoring Dashboard reported a total exposed population of 2.4 million in the four districts between 5 to 10 August 2023, with 1.2 million people affected. The Divisional Health Office Chattogram reported 26 casualties as of 10 August. Humanitarian organizations reported that a staggering 90 per cent of the Bandarban district has been submerged in water. ([OCHA, 13 Aug 2023](https://reliefweb.int/node/3988751/))

Since August 5, continuous monsoon rains have affected Chattogram, Cox’s Bazar, Rangamati, and Bandarban. Heavy rainfall, ranging from 44 to 89 mm, led to flash floods and landslides in the Hill Tracts, especially in Bandarban town and nearby areas. 1.3 million people including 630,000 women and 480,000 children (0-19 years old) are affected while 600,000 people are in need of humanitarian assistance in four districts (Chattogram, Cox’s Bazar, Ragamati, and Bandarban), with 51 deaths reported. Major rivers in the region were overflowing, crippling major transport routes, and resulting in the damage of up to 410 kilometres of roads. ([UNICEF, 5 Sep 2023](https://reliefweb.int/node/3995363/))

In Cox’s Bazar, approximately 538,373 people (including 25,533 in Rohingya camps and 185,200 children) were exposed after the floods and landslides, while nearly 85,500 people (3,500 children and 3,974 Rohingya refugees) were displaced and sheltered in temporary flood shelters. ([UNICEF, 25 Sep 2023](https://reliefweb.int/node/3999980/))

According to the Bangladesh Meteorological Department (BMD), the cyclonic storm “Hamoon”, accompanied by heavy rain started to make landfall on Chattogram-Cox’s Bazar coast of Bangladesh on Tuesday, 24 October 2023 evening and completed crossing the coast at 1:00 am on Wednesday. 25 October 2023. Information received from different areas of Cox’s Bazar and Chattogram indicates that cyclone Hamoon caused damage to several houses and uprooted many trees. The power supply in Cox’s Bazar town was disrupted as soon as the tip of the cyclone started to enter the coast, leaving the area in a terrifying situation dominated by roaring winds and pouring rain. Cyclone Hamoon which had strengthened to an extremely severe cyclone, weakened before the landfall on 24 October evening. However, it was strong enough to cause damage and forced more than 273,000 people to take refuge in cyclone shelters or safer places. Media reported the death of three people in Cox’s Bazar due to crushed under walls and trees. In some parts of Cox’s Bazar, there is still no electricity, and the internet connection is down. ([BDRCS, 26 Oct 2023](https://reliefweb.int/node/4009278))
### Appeals & Response Plans

- [![UN RC Bangladesh: Chattogram Division Flash Floods and Monsoon Rain - HCTT Humanitarian Response Plan 2023 (August 2023-January 2024) - Cover preview](https://reliefweb.int/sites/default/files/styles/small/public/previews/0d/6d/0d6dbfdd-26aa-40f4-8384-04fb5ce13647.png) UN RC Bangladesh: Chattogram Division Flash Floods and Monsoon Rain - HCTT Humanitarian Response Plan 2023 (August 2023-January 2024)](https://reliefweb.int/node/3995826)",2023-06-18,2023-09-26,,0.0,0,0,0.0,2026-09-22 19:10:12
51658,EP-2023-000117-BGD,2023-07-18,2023,Epidemic,6,Khulna|Mymensingh|Dhaka|Chattogram|Rangpur|Cox's Bazar,0,18.0,"Bangladesh is experiencing the worst nationwide outbreak of dengue in its history, with a significant impact on the public health system in the country. Sporadic outbreaks have been occurring in Bangladesh since 1964. There was a major epidemic dengue outbreak in 2000 and since then, there have been varying intensities of dengue every year in Bangladesh. In 2019, Bangladesh experienced a major dengue epidemic, with 101,354 dengue cases recorded
and 164 dengue-related deaths. However, since the beginning of this year, the number of cases has increased significantly, exceeding cases over the same period of time in the previous years and the number of deaths is the highest ever recorded. ([UNICEF, 5 Sep 2023](https://reliefweb.int/node/3994701))

As of 18 July 2023, the country recorded 127 fatalities, a staggering five times higher than in the previous year. On 18 July, a record-breaking 1,533 patients were admitted to hospitals, bringing the total number of admissions to 24,000. The current dengue outbreak has affected 60 districts of Bangladesh. Comparing the incidence data from 2022-2023 of all eight divisions, it is determined that incidence is highest in Chattogram, Dhaka and Barisal. ([IFRC, 24 Jul 2023](https://reliefweb.int/node/3982925/))

From 1 January to 7 August 2023, the Ministry of Health & Family Welfare of Bangladesh reported a total of 69 483 laboratory-confirmed dengue cases and 327 related deaths, with a case fatality rate (CFR) of 0.47%. Of these, 63% of cases and 62% of the deaths were reported in the month of July 2023. Although dengue is endemic in Bangladesh, the current dengue surge is unusual in terms of seasonality and the early sharp increase in comparison to previous years, where the surge started around -late June. The CFR so far this year is relatively high compared to previous years for the full-year period. ([WHO, 11 Aug 2023](https://reliefweb.int/node/3988296))

Between 1st January and 19th August 2023, the Ministry of Health and Family Welfare of Bangladesh reported a total of 97,476 dengue cases (including 37.6 per cent women and 17.8 per cent children (0-18 yrs), with 466 deaths (56.9 per cent females, 18.7 per cent children up to 18 years old). According to WHO, the mosquito-borne disease has spread to all 64 districts in Bangladesh, with one in every five people infected being a child (17.8 per cent so far infected). In Cox’s Bazar, Rohingya camps 1W, 3, 4, 9, 17 and 18 have become hotspots for dengue cases. As of 19th August 2023, a total of 7,196 persons [885 Bangladeshi and 6,311 from Rohingya camps] have confirmed positive for dengue. A total of 609 persons (451 Bangladeshi and 158 Rohingya refugees) were admitted to Cox’s Bazar Sadar Hospital and another 437 persons were admitted to Upazilla Hospitals. 10 persons (8 from Rohingya camps, 2 from the host) died due to Dengue-related complications. ([UNICEF, 31 Aug 2023](https://reliefweb.int/node/3993452))

As of 4 September 2023, 133,134 dengue cases (including 38% women and 19% children (0-15 yrs) have been infected, with 646 deaths (58% female, 12% children below 15 years old). In Cox’s Bazar, as of 30 August 2023, 9,670 persons (1,214 Bangladeshi and 8,456 Rohingya refugees) had tested positive for dengue. Ten persons (eight from Rohingya camps, two from the host community) died of dengue-related complications. [...] It is to be noted that, these numbers reflect only reported cases from government hospitals and some selected private hospitals that are reporting. The actual number of cases (unreported) is much higher. ([UNICEF, 5 Sep 2023](https://reliefweb.int/node/3994701))

As of 18th September 2023, 170,768 dengue cases (including 39% women and 19% children (0-15 yrs) have been infected, with 839 deaths (58% female, 12% children below 15 years old). Until 13th September 2023, a total of 12,924 persons [1,808 Bangladeshi and 11,116 from Rohingya camps] had tested positive for dengue. A total of 1,087 persons (845 Bangladeshi and 237 Rohingya refugees) were admitted to Cox’s Bazar Sadar Hospital and another 793 persons were admitted to Upazila Hospitals. 13 persons (11 from Rohingya camps, 2 from the host) died due to Dengue-related complications. ([UNICEF, 20 Sep 2023](https://reliefweb.int/node/3998898))

During September 2023, a total of 79,598 cases (defined as dengue NS1 or anti-dengue virus IgM positive and hospitalized) including 396 deaths have been reported. This is the highest number of monthly cases and deaths, compared with the available historical data from 2019 to 2023. A total of 206,288 dengue cases including 1,006 deaths have been cumulatively reported between 1 January and 1 October 2023 with a case fatality rate (CFR) of 0.49%. ([WHO, 4 Oct 2023](https://reliefweb.int/node/4003249))

As of 26th September 2023, a total of 14,272 persons [2,362 Bangladeshi and 11,910 (24th September) from Rohingya camps] have been reported for dengue cases. A total of 1,327 persons (1,071 Bangladeshi and 256 Rohingya refugees) were admitted to Cox’s Bazar Sadar Hospital and another 990 persons were admitted to Upazilla Hospitals. 14 persons (12 from Rohingya camps, 2 from the host) died due to Dengue-related complications. ([UNICEF, 8 Oct 2023](https://reliefweb.int/node/4003814))

A total of 239,614 dengue cases (defined as dengue NS1 or anti-dengue virus IgM positive) including 1,169 deaths have been cumulatively reported between 1 January and 15 October 2023 with a case fatality rate (CFR) of 0.49%. During September 2023, a total of 79,598 cases including 396 deaths have been reported. This is the highest number of monthly cases and deaths, compared with the available historical data from 2019 to 2023 (Figure 6). ([WHO, 18 Oct 2023](https://reliefweb.int/node/4007329))

As of 22 October 2023, a total of 255,046 cases (dengue NS1 or IgM test‑positive persons hospitalized in the reporting health facilities), including 1,255 deaths, have been reported in the country, according to the DGHS (Directorate General of Health Services) Dengue press release. In epidemiological week 42 (16 – 22 October 2023), 15,432 new cases were reported, including 86 deaths. The number of new cases dropped by 3.9% from 16,050 the previous
week. During the reporting period, 15,845 hospitalised persons were released from the hospital after treatment. The weekly number of reported cases has dropped for the third consecutive week. Decrease in cases is mostly observed in the northern districts where less than or equal to 5 cases are reporting weekly per 100,000 population. [...] All the divisions reported fewer cases compared to the previous week, except Khulna, Mymensingh and Rangpur. 
Dhaka division reported the highest number of cases. ([WHO, 23 Oct 2023](https://reliefweb.int/node/4009677))

As of 7th November 2023, 283,593 people (including 40 per cent women and 17 per cent children (0-15 yrs) have been infected with dengue, with 1,425 deaths (57 per cent female, 10 per cent children below 15 years old) reported. Even worse, one in every five people infected is a child, and children under five are at greater risk of severe illness (4 per cent so far infected), with a case fatality rate (CFR) of 0.47 per cent. [...] In addition, as of 7th November 2023, a total of 16,654 persons [3,573 Bangladeshi and 13,081 (31st October) from Rohingya camps] have been reported with for dengue in Cox’s Bazar. A total of 2,038 persons (1,746 Bangladeshi and 292 Rohingya refugees) were admitted to Cox’s Bazar Sadar Hospital and another 1,356 persons were admitted to Upazila hospitals. 18 persons (15 from Rohingya camps, 3 from the host) died due to Dengue-related complications. ([UNICEF, 20 Nov 2023](https://reliefweb.int/node/4017087))

A total of 6,912 cases of dengue were reported in Bangladesh during week 47 (20 to 26 November 2023), a 26.6% decrease compared to week 46 (13 to 19 November 2023) (n=9 423). The number of new deaths also decreased by 39.2% from 73 in week 46 to 49 in week 47. During October 2023, a total of 67,769 cases including 359 deaths were reported. The highest monthly numbers of cases and deaths based available historical data from 2019 to 2023 were reported in September 2023 (79,598 and 396, respectively). Between 1 and 26 November a total of 36,992 cases including 250 deaths were
reported [...]. A total of 308 167 dengue cases including 1,598 deaths have been cumulatively reported between 1 January and 26 November 2023 with a case fatality rate (CFR) of 0.52%. ([WHO, 29 Nov 2023](https://reliefweb.int/node/4018868))

As of 7th December 2023, 316,160 people (including 40 per cent women and 17 per cent children (0-15 years old) had been infected with dengue, with 1,643 deaths (57 per cent female, 10 per cent children below 15 years old) reported. In Cox's Bazar, as of 2nd December 2023, a total of 17,469 persons [4,062 Bangladeshi and 13,407 (26th November) from Rohingya camps] have tested positive for dengue. A total of 2,300 persons (2,001 Bangladeshi and 299 Rohingya refugees) were admitted to Cox's Bazar Sadar Hospital and another 1,555 persons were admitted to Upazila Hospitals. 18 persons (15 from Rohingya camps, 3 from the host) died due to Dengue-related complications.  ([UNICEF, 15 Dec 2023](https://reliefweb.int/node/4023402))",2023-05-29,2023-09-06,,0.0,0,0,0.0,2026-09-22 19:10:12
51508,FR-2023-000031-BGD,2023-03-05,2023,Fire,7,National,0,0.0,"In the afternoon of 5 March 2023, a massive and devastating fire broke out in Kutupalong Balukhali refugee camps in Cox’s Bazar, Bangladesh. Flames blazed for some three hours in Camp 11, which is managed by IOM, until the Rohingya refugee Safety Unit Volunteers trained on firefighting, local fire fighters and local authorities managed to contain the fire, around 5pm. Three-wheeler Mobile Fire Fighting Units provided by UNHCR, were deployed from across the camps and helped reach the congested areas. So far, no casualties have been reported. Some 12,000 refugees were displaced, more than 2,000 shelters were destroyed or damaged, and more than 90 facilities were damaged including hospitals and learning centres. [(UNHCR, 5 Mar 2023)](https://reliefweb.int/node/3940215/)

Although the cause of the fire incident remains unknown as no official reports have been released by the government, however, the current season, wind intensity and direction as well as the type of materials used for the settlement and density of shelters, have been key contributing factors as to why the fire had spread rapidly and engulfed its surrounding areas. Based on situation reports dated 6 March 2023, more than 3,000 households or more than 15,000 individuals have been affected, with more than 5,000 individuals displaced. More than 2,800 shelters have been damaged (2,664 fully damaged; 141 partially damaged) including their household belongings such as blankets, sleeping mats, clothing, cooking materials, mosquito nets and hygiene related items. More than 1,000 WASH infrastructures were destroyed including three water networks, four Fecal Sludge Managment (FSM) Treatment plants, one Material Recovery Facility (MRF), 153 bathing cubicles, 538 latrine doors, and 351 tube-wells with hand pumps. Moreover, three Health facilities were destroyed, including one Health Post (HP)and two Primary Health Centers (PHCs). In addition, 155 critical infrastructures such as learning centers, Women Friendly Spaces, women-led community center, child friendly space, moktubs/mosques, have been reported to be destroyed including their equipment and materials being used.  [(IFRC, 11 Mar 2023)](https://reliefweb.int/node/3942433/)

According to the latest report, there are 15,926 people affected by the recent incident (3,691 men, 4,036 women, 4,121 boys and 4,078 girls). Out of this number, 5,274 people have been displaced from their homes. A total of 2,805 shelters have been damaged, with 2,664 of them being destroyed and 141 partially damaged. 155 facilities have been damaged, and 992 WASH facilities have been damaged. [(ISCG, 20 Apr 2023)](https://reliefweb.int/node/3954672/)

As part of the immediate response, IFRC launched a Disaster Relief Emergency Fund (DREF) operation of CHF 500,000. So far 15,412 fire-affected people have been reached through the emergency response to meet their survival needs, which included dry food and emergency shelter materials distribution to the affected households, non-food items to meet immediate household needs, repair of water supply systems, including tap-stands with 50 per cent capacity, protection and community engagement support to households. Reconstruction of the water network system and mid-term shelter have been ongoing under this response.  [(IFRC, 6 Jun 2023)](https://reliefweb.int/node/3968838/)",2023-01-14,2023-04-24,,0.0,0,0,0.0,2026-09-22 19:10:12
51183,FL-2022-000217-BGD,2022-05-17,2022,Flash Flood,0,National,0,255910.0,"Due to heavy rainfall over the past week in the Northeastern Indian states there is an increase of water level observed in the North Eastern part of Bangladesh which led a serious flood in that region. Mainly several places of the 5 districts in that region are inundated by excessive rainfall but Sylhet and Sunamganj district affected the most severally. Alongside with Government of Bangladesh several national and international agencies have already started providing support to the affected communities. According to latest update by Flood Forecasting and Warning Centre (FFWC), water is flowing above danger level (up to 1m) in several station of Surma and Kushiyara river at Sylhet and Sunamganj. [...] The forecast of FFWC shows that, flood situation may improve in the several areas of Sylhet where as situation may be worsen in the low lying area of Netrokona district. Many people in these areas are living in a very miserable life as they need emergency food and water support immediately. 

Around 2 million people have been impacted due to the flood. They are reeling from a food and drinking water crisis. Around 1.5 lakh families in Sylhet and Sunamganj have been without power since 17 May 2022 due to submergence of Power Stations. More than 873 educational institutions, mostly  government primary schools, have been closed due to severe flooding in the two districts, causing loss of learning to the students. ([CARE, 21 May 2022](https://reliefweb.int/node/3849787))

Eight males have died; three children (aged 11, and 13) have died due to lightning while helping parents save their crops in the field, three people died due to a boat capsize (aged 32, 51 and 60), one person died due to a landslide (aged 27) and one person (aged 35) died due to drowning. 96 people have been affected by waterborne diseases. Over 750 educational institutions, mostly government primary schools, have been closed due to severe flooding in two districts, causing a loss of learning for the students.  ([UNICEF, 24 May 2022](https://reliefweb.int/node/3849734))

A total of 133 villages of six unions at Companiganj Upazila of Sylhet district with an estimated 46,500 individuals have been affected by the ongoing flood. Moreover, about 72,300 people have been affected by the flash flood in Kanaighat Upazila of Sylhet district with 329 houses damaged (268 partial and 61 fully damaged). About 1,137 hectares of agricultural land and 205 sq. km area have been inundated. Meanwhile, in Goainghat Upazila of Sylhet district, about 69,165 people of 10 unions have been affected by this flash flood with 396 houses damaged (345 partial and 51 fully damaged). ([IFRC, 25 May 2022](https://reliefweb.int/node/3850730))

Heavy monsoon rains and water from upstream in India's northeast have inundated large parts of the Sylhet division, leaving millions of people marooned and triggering a humanitarian crisis. According to the Flood Forecasting and Warning Centre (FFWC), around 94 percent of Sunamganj and over 84 percent of Sylhet are submerged. The crisis struck at a time when the people of the division were recovering from unexpected recent floods that hit in late May. An estimated 4.3 million people are impacted by this sudden flash flood and water congestion in seven northeastern districts of Sylhet, Sunamganj, Moulivazar, Habiganj, Netrakona, and Brahmanbaria. Many households are isolated due to floods, while some have taken shelter in open areas. The safety and security of women and girls in those households are at high risk. As many as 25,000 people have been taken to around 450 shelter centres in Sylhet; at the same time, 65,000 people were evacuated to 200 shelter centres in Sunamganj in a combined effort of the Army, Navy, Fire Service, and the local authorities. Besides the northeast, the mild flood also hit the northern districts. The GoB in a press conference said 64 Upazilas in 10 districts have been hit by the flood all over Bangladesh. ([UN RC Bangladesh, 19 Jun 2022](https://reliefweb.int/node/3858093/))

Heavy monsoon rains and flash floods have affected an estimated 6.8 million people in the northeastern part of Bangladesh. Some 459,567 people have been evacuated to 1432 safety centers. There are reports of disruption in power supply and both land and air transportation. Education and health facilities have been affected, and protection concerns have been raised as the safety centers are ill-equipped. The government authorities and humanitarian partners are distributing relief items; however, the relief operations are encountering logistical challenges. The Humanitarian Coordination Task Team (HCTT) is working closely with partners to assess the situation and provide support to the government-led response. ([OCHA, 20 Jun 2022](https://reliefweb.int/node/3859018/))

Initial reports from the Government of Bangladesh highlight widescale displacement with approximately 481,827 people displaced to 1,605 institutional shelters in four districts across the flood-affected area (Sunamganj, Netrokona, Sylhet, Moulvibazar). 1.6 million children are at risk due to severe floods, threatened by a high risk of drowning and VACW, including gender-based violence/IPV, and family separation as a result of overcrowded shelters.  In the last 35 days (17th May – 20th June 2022), the National Health Emergency Operations Centre and Control Room of DGHS recorded a total of 2,492 cases of diseases and injuries. ([UN RC Bangladesh, 22 Jun 2022](https://reliefweb.int/node/3859185/))

On June 26, the Flood Forecasting and Warning Center reported all major rivers in the country in falling trend. Experts fear increased prevalence of communicable diseases, particularly waterborne disease outbreaks as the floodwater recedes. While the flood situation may continue improving in next 24 hours in the Northeastern region, short duration floods in the low-lying area of Shariatpur & Madaripur districts are to be expected in the next 24 hours. Government allocated 3.720 metric tons of rice and USD half million in cash, while humanitarian agencies mobilized USD 4.7 million. ([ECHO, 27 Jun 2022](https://reliefweb.int/node/3860579/))

Flash floods have affected 7.2 million people in nine districts in northeastern Bangladesh. The Humanitarian Coordination Task Team (HCTT), co-chaired by the Ministry of Disaster Management and Relief and the UN Resident Coordinator’s Office, has approved a HCTT response plan for flash floods calling for US$58.4 million for prioritized assistance to 1.5 million flood-affected people in five districts, from July to December 2022. The response plan is informed by needs assessment and rapid gender analysis and will complement the government-led response. The priority sectors are food security and nutrition, shelter, WASH and protection, and the priority districts are Sunamganj, Netrokona, Sylhet, Habiganj and Moulvibazar. ([OCHA, 27 Jun 2022](https://reliefweb.int/node/3860981/))

Between 17-30 June 2022, Cox’s Bazar has experienced over 186 mm of rainfall – with 83 mm on 21 June alone. Rains are expected to continue in the weeks ahead. From 15 May to 28 June, emergency shelter repair assistance was provided to 9,426 families (including bamboo, tarpaulins, rope and jute bags). Of these, 887 extremely vulnerable families were provided with additional assistance such as home deliveries of shelter materials and/or labour support to repair their shelters. Water, Sanitation and Hygiene (WASH): Immediate repairs have been conducted to 207 latrines, 95 bathing cubicles, 2 faecal sludge treatment plants (FSTPs), 17 handpump tube wells, 1 dam (water reservoir) and 2 solid waste management (SWM) sites throughout all the camps. Hygiene promotion activities are ongoing. ([ISCG, 30 Jun 2022](https://reliefweb.int/node/3863967/))

According to local authorities, the majority of the displaced families who have been housed in over 1,600 temporary shelters have returned to their homes. However, there are still 19,221 people including 3,229 children and 166 people with disability (PwD) living in 275 shelters in Sylhet and Sunamganj. Hundreds of families are reportedly staying with their relatives and extended family members while some others remain in common buildings. There are people living in remote sub-districts that remain hard to reach due to flooding and poor road infrastructures. Basic services, notably health facilities, are slowly returning to normal. The massive challenges remains in the WASH sector, the Department of Public Health Engineering (DPHE) estimated that some 106,727 water points and 283,355 sanitation facilities have been immensely damaged, all needs restoration and reconstruction. Meanwhile, the risk of Acute Watery Diarrhoea outbreaks, skin and respiratory diseases continue to be high. As of 13th July, 12,503 cases of waterborne diseases and other ailments have been reported in Sylhet division. ([UNICEF, 16 Jul 2022](https://reliefweb.int/node/3866893/))

Barsha is among the 3.5 million children whose lives have been disrupted by floods in north-eastern Bangladesh. Floodwaters in the affected districts have severely damaged almost 45,000 water points and 50,000 sanitation facilities, leaving sheltering families with no access to clean water or latrines. On top of the food shortage, increased risk of drowning, separation from families and violence, children are at increased risk of waterborne diseases.

Mothers are worried, as more children come down with diseases due to lack of clean water. As one mother explains: “We haven’t had clean water in days. My children have gotten sick in the shelter drinking dirty water.” ([UNICEF, 17 Jul 2022](https://reliefweb.int/node/3867379/))

As of 21 July, there are still 1,590 people, including 636 children, living in 53 shelters in Sylhet district. All families in Sunamganj have already left shelters. The families returning to their damaged homes and lacking access to basic services are in urgent need of multisectoral humanitarian assistance, focused on restoration of services they had before. ([UNICEF, 23 Jul 2022](https://reliefweb.int/node/3869165/))

As of 3 August, all families have left the flood shelters in Sylhet and Sunamganj district. They returned home and started caring for the homesteads, which got various damages. Most of the affected families shared their immediate needs in basic household items such as cooking utensils and furniture. They also explained their struggles to access the WASH facilities and lost livelihoods. Thousands of families could not save their crops, seeds, and fodders from the sudden surge of the flood water that stayed for days. Many affected families are now in search of alternative earnings to manage their daily meals. Over the past two weeks, there has been an increase in calls to the Child Helpline 1098, with more than 85 per cent of the calls from flood-affected areas being related to violence against children and women (VACW). As of 29 July, 19,918 cases of waterborne diseases and other ailments have been reported, and 74 people died, including 33 children in Sylhet division. The risk of Acute Watery Diarrhoea outbreaks and skin and respiratory diseases continues to be high. In Sylhet and Sunamganj districts, 349 community clinics out of 505 have been affected by flash flood. Sunamganj, one of the most flood-affected areas, is also one of the districts lagging in education parameters. The high dropout rate in primary education and many out-of-school children pose the biggest challenge. More than 3,000 primary and secondary schools in Sylhet and Sunamganj districts have been affected and remained closed for about a month, resulting in colossal learning loss for over 1.5 million learners. Schools urgently require extensive cleaning and repair work. ([UNICEF, 4 Aug 2022](https://reliefweb.int/node/3874152/))

As many as 472,856 people were taken to around 1,605 shelter centres in a combined effort of the Army, Navy, Fire Service, and local authorities, according to the Ministry of Disaster Management and Relief (MoDMR). Many households are isolated due to floods, while some have taken shelter in open areas. The safety and security of women and girls in those households are at high risk. The Department of Public Health and Engineering (DPHE) reported that 106,727 water points and 283,355 latrines were damaged. The Ministry of Livestock and Fisheries reported that 663,534 cattle were affected, and the Ministry of Agriculture reported that 254,251 hectors of croplands were damaged. [...] In support of the Government, the humanitarian community appealed for USD 58.4 million to respond to the emergency needs of the hardest-hit communities. A total of USD13.73 million was raised and 651,230 people were reached. Due to the limited resources, only 23.5% of the most vulnerable families were supported. ([UN RC Bangladesh & UNCT Bangladesh, 20 Oct 2022](https://reliefweb.int/node/3901485/))

According to the MoDMR, the estimated loss of the housing sector is USD 176.0 million. The Flash Flood caused damage to 254,251 hectares of croplands and affected 663,534 cattle, 106,000 ponds inundated, and 17,000 metric tons of fish washed away. The total damage in the agriculture and livestock sector is US$ 230.8 million. An estimated 4.2 million people suffered disruption to water, sanitation, and hygiene (WASH) services -106,727 water points and 283,355 latrines were damaged. The overall damage and loss in the WASH sector is estimated at USD 55.7 million. Agriculture, livestock rearing, and fisheries are the key income sources of north-eastern population. Based on the detailed household assessment conducted by BDRCS in December 2022, only 2.3 per cent of assessed households in Sylhet and Sunamganj district can fully recover their livelihood, while only 7 per cent of assessed families can reconstruct their damaged houses and 9 per cent of assessed families can rebuild their damaged latrines. ([IFRC, 31 Jan 2022](https://reliefweb.int/node/3929041/))
### Appeals & Response Plans

- [![UNCT Bangladesh: Flash Floods Humanitarian Response Plan 2022 United Nations Bangladesh Coordinated Appeal (July - December 2022) - Cover preview](https://reliefweb.int/sites/default/files/styles/small/public/previews/ca/5a/ca5ae55f-b19a-48ee-89af-e56f3af211f6.png) UNCT Bangladesh: Flash Floods Humanitarian Response Plan 2022 United Nations Bangladesh Coordinated Appeal (July - December 2022)](https://reliefweb.int/node/3860672)
- [![IFRC: Bangladesh, Asia Pacific | Flood - Emergency Appeal №: MDRBD028 - Cover preview](https://reliefweb.int/sites/default/files/styles/small/public/previews/6c/97/6c9791a0-cbc0-49b9-92f1-cceebf498d97.png) IFRC: Bangladesh, Asia Pacific | Flood - Emergency Appeal №: MDRBD028](https://reliefweb.int/node/3860397)",2022-03-28,2022-07-06,,0.0,0,0,0.0,2026-09-22 19:10:12
50777,FL-2021-000097-BGD,2021-07-27,2021,Flood,0,National,0,7759.0,"On 27 July, heavy monsoon rains in Cox’s Bazar led to slope failures and severe flooding in the Rohingya refugee camps. The Bangladesh Meteorological Department forecast approx. 570mm of accumulated rainfall between 27 – 30 July and issued warnings of heavy rain and risk of landslides. High sea tides continue to hamper rain water discharge through rivers. Volunteers are supporting the evacuation of those affected to safer shelters. Initial reports of thousands affected and 6 casualties have yet to be confirmed. Local authorities and the humanitarian community are preparing to respond. DG ECHO partners have deployed teams to conduct assessments. The floods coincide with a strict lockdown aimed at curbing the spread of COVID-19, which has risen to alarming levels in the country. ([ECHO, 28 Jul 2021](https://reliefweb.int/node/3759915))

Incessant rains since 27 July have resulted in continued flooding across the Rohingya refugee camps and host communities in Cox's Bazar, claiming 18 lives. According to ISCG, 12,994 refugees in 27 camps have been affected with 5,593 individuals temporarily displaced so far. Local media reported 51,150 affected host community families in 413 flooded villages. At least 480 displaced host community families have been evacuated to cyclone shelters.([ECHO, 29 Jul 2021](https://reliefweb.int/node/3760285))

Heavy rainfall and strong winds continue to affect Cox’s Bazar District including the Rohingya refugee camps. According to latest reports, 21 people have died, over 6,100 refugee shelters have been destroyed or damaged, and more than 13,000 refugees have been forced to relocate and are seeking shelter with families or in community facilities. 

Hundreds of facilities, including primary health clinics, distribution points, and latrines have been damaged. Humanitarian partners are providing food assistance, non-food items, shelter materials, drinking water, mobile health services, and protection services. UN agencies and humanitarian partners together with community health workers are conducting disease surveillance and are identifying and referring refugees who require medical support. Damaged roads, flooding, and risks of landslides are hindering assessments and response efforts in some of the affected areas. There are concerns that the floods have heightened the risk of water-borne diseases and COVID-19. ([OCHA, 03 Aug 2021](https://reliefweb.int/node/3761576))

During 2 and 3 August alone, 39 incidents such as flooding, slope failure and windstorms impacted 901 households (3,894 individuals). Drains continued to be cleared and desilting and damage assessment and repairs of camp facilities are an ongoing process. Of the 6,334 damaged shelters, 4,941 were assisted with emergency shelter kits while 1,393 were not eligible for the assistance. Currently five health service points across the affected camps are closed due to flooding while others remain operational. Mobile medical teams are covering these gaps and additional needs. ([ISCG, 05 Aug 2021](https://reliefweb.int/node/3763039))

Since 27 July, heavy monsoon rains have been lashing Cox’s Bazar district in Bangladesh leading to flash floods, waterlogging and landslides across the Rohingya refugee camp and surrounding Bangladeshi communities. Rains have also impacted segments of the highway leading to the camps. Between the period 27 July-10 August 2021, the total rainfall has been approximately 957mm in Cox’s Bazar. 80,912 refugees were affected, 25,281 refugees were displaced and there were 8 refugee fatalities (5 due to landslides, 2 due to drowning, 1 due to an accident in a well).400 monsoon-related incidents have been recorded in the camps during 26 July-8 August. More than half were related to windstorm, while others largely consisted of flooding and slope failures. ([ISCG, 12 Aug 2021](https://reliefweb.int/node/3764494))

Between 27 July and 18 August 2021, Cox’s Bazar experienced around 1,048 mm of rainfall. 463 monsoon-related incidents – largely windstorms, slope failures and flooding – have been recorded in the camps. Of the 10,274 damaged shelters, 8,077 were assisted with emergency shelter kits. 75% of the shelters were damaged due to windstorm and the rest were impacted by landslides and flooding. Despite the heavy rains, the COVID-19 vaccination campaign for Rohingya refugees continues unabated with more than 30,000 refugees 55 years and over, vaccinated. ([ISCG, 18 Aug 2021](https://reliefweb.int/node/3766620))

Between 27 July and 1 September 2021, Cox’s Bazar has experienced over 1,300 mm of rainfall - over 200 mm just between 27-28 August. 542 monsoon-related incidents – largely windstorms, slope failures and flooding -- have been recorded in the camps. Monsoon related incidents have dropped by 83% in the last two weeks when compared with previous weeks. Of the 11,675 damaged shelters verified by partners, 9,133 were assisted with emergency shelter kits while 2,542 households were not eligible for the assistance. 75% of the shelters were damaged due to windstorm and the rest were impacted by landslides and flooding. Refugees are provided with bamboo, tarpaulins, rope, jute bags to help with repairs. ([ISCG, 2 Sep 2021](https://reliefweb.int/node/3770619))

Heavy rainfall has caused flooding in northern Bangladesh since the last week of August. According to the National Disaster Response Coordination Centre, the most affected districts include Kurigram, Lalmonirhat, Tangail, Rajbari, Sartiatpur and Bogura. More than 40,000 households were affected, 7759 hectares of agricultural land have been damaged, and more than 200 houses have been destroyed, according to Government reports. The Ministry of Disaster Management and Relief has allocated rice and cash support to affected districts, while local and national organizations have provided food relief items to affected families. People have moved to higher ground and temporary shelter remains an urgent need. Rural roads have been inundated, communication has been disrupted, and livelihoods have been affected. As a result of flooding, there are increased concerns of negative coping mechanisms, malnutrition of girls and women, forced labour and child marriage, and issues related to protection and reproductive health. ([OCHA, 7 Sep 2021](https://reliefweb.int/node/3771690))
### Appeals & Response Plans

- [![OCHA: Anticipatory action Bangladesh - Cover preview](https://reliefweb.int/sites/default/files/styles/small/public/previews/85/5c/855c2fed-2bf6-3312-935b-6ddd7983c2c4.png) OCHA: Anticipatory action Bangladesh](https://reliefweb.int/node/3763678)
- [![OCHA: Anticipatory Action Framework: Bangladesh Monsoon Floods - Cover preview](https://reliefweb.int/sites/default/files/styles/small/public/previews/68/4f/684f15b1-daf1-3d44-bc3d-8fb1495498f4.png) OCHA: Anticipatory Action Framework: Bangladesh Monsoon Floods](https://reliefweb.int/node/3745136)",2021-06-07,2021-09-15,,0.0,0,0,0.0,2026-09-22 19:10:12
50652,FR-2021-000027-BGD,2021-03-22,2021,Fire,7,Cox's Bazar,0,0.0,"On 22 March 2021, a massive fire swept through the camp settlement in Cox's Bazar, Bangladesh, destroying shelters and facilities and endangering lives across four camps. So far, 11 casualties have been reported, and 55,000 people have been displaced. According to data shared by the camp authority, a total of 563 people from the affected camps have been injured and 339 are missing. It is understood that there are approximately 10,000 damaged shelters...According to the Flash Update issued by the ISCG Secretariat, among the essential facilities impacted by the fire are the IOM primary healthcare clinic, MSF clinic, Turkish hospital and LPG distribution points. No BDRCS facility or infrastructure has been affected as a relatively small amount of programming is undertaken in the affected areas. While there has been a history of several fires in the camp settlement in past times including two incidents in January this year, the intensity and scale of this latest fire is unprecedented. Cramped conditions in the severely congested settlement are believed to have contributed to the quick escalation of the fire. [(IFRC, 27 Mar 2021)](https://reliefweb.int/node/3725186/)

Following the massive fire, and a joint needs assessment conducted, it was ascertained that 10,100 households are without shelters and 48,300 persons were directly affected by the fire. Currently there are 15,000 persons from fire affected camps residing outside of their camps of origin, and at least 30,000
individuals have returned to their origin camps following the distributions of shelter kits. A build-back-safer strategy has been prepared to redevelop the camps affected by the fires, addressing key issues such as fire breaks and access, rationalizing of facilities, preventing the risk of landslides and slope stabilisation, and shelter reconstruction. [(ISCG, 31 Mar 2021)](https://reliefweb.int/node/3727048/)

As of 6 April, more than 61,000 people were affected, of which at least 2,000 received emergency medical support. There are more than 12,000 shelters damaged and approximately 67,000 litres of drinking water has been provided. [(BRAC, 6 Apr 2021)](https://reliefweb.int/node/3728431/)",2021-01-31,2021-05-11,,0.0,0,0,0.0,2026-09-22 19:10:12
50344,FL-2020-000161-BGD,2020-07-01,2020,Flood,0,National,0,320014.0,"Monsoon rainfall and onrush of water from hilly areas upstream have inundated districts in the northern and eastern areas of Bangladesh, causing extensive damage. Thousands of people in 7 districts of the country are marooned or displaced, and their homes flooded. Media report over 164,000 people marooned across Jamalpur District and Rangpur Division. On 30 June, the river water levels were above danger in 14 locations across the country. International humanitarian organizations are assisting the national government with preparedness measures, while relief items have been distributed to the affected communities. On 1-2 July, rainfalls and thunderstorms are forecast over north and east Bangladesh. Water levels are expected to rise further over the coming days ([ECHO, 1 Jul 2020](https://reliefweb.int/node/3649241))

According to the Bangladesh Meteorological Department (BMD), due to strong monsoon, steep pressure gradient lies over the North Bay of Bengal. Maritime ports have been advised to host local cautionary signal No 3. Due to its influence moderately heavy to very heavy falls are likely to occur at many places all over the country. The National Disaster Response Coordination Centre (NDRCC) of Bangladesh reports that on 5 July, more than 15 districts are affected with a case load of 356,451 households representing more than 1.5 million people in these districts. ([ECHO, 6 Jul 2020](https://reliefweb.int/node/3650474))

Earlier, during the last week of June 2020, BDRCS based on the forecast, has activated its Early Action Protocol (EAP) to support 3,800 households in three districts which have more than 25 per cent of household assets damaged. After showing a slight improvement last week, the flood situation has deteriorated again as major rivers in the country are flowing above the danger level. According to the current forecast, this flood has 50 per cent chances to cross 1 in 10 years on 21 July. Thousands of people in low-lying areas are witnessing the second phase of floods this season due to rise of water levels of major rivers in the country. ([IFRC, 13 Jul 2020](https://reliefweb.int/node/3652482))

Over a million people were marooned in dozens of villages from 10 to 11 July 2020 as roaring rivers swept away embankments in the districts where some of the embankments were already under water since 26 June. Thousands of people are expected to leave their homes throughout the beginning of this week to seek shelter in higher grounds as the Water Development Board warned that the onrush of water from upstream would further intensify. ([IFRC, 13 Jul 2020](https://reliefweb.int/node/3652482))

Monsoon rainfall and onrush of water from hilly areas upstream have inundated districts in the northern and eastern areas of Bangladesh, causing extensive damage. The situation is still evolving and yet to reach its peak. The National Disaster Response Coordination Centre (NDRCC) of Bangladesh reported that as of 13 July more than 15 districts with some 1.3 million people are affected. NDRCC also informed that more than 280,000 people are marooned in flood water. On 11 July, the final activation trigger for the Anticipatory Action Pilot 2020 was reached, initiating cash assistance, interventions to support food security and agriculture, and ensure continued access to lifesaving SRHR, GBV and PSS services. ([OCHA, 14 Jul 2020](https://reliefweb.int/node/3652726))

As of 16 July, a total of 2,246,472 people in 18 districts are affected by fresh floods, and six people have died. Total 1,086 flood shelters are opened in 18 districts and 55,930 people have taken refuge there. New flooding areas in Nilphamari, Jamalpur, Kurigram, Lalmonirhat, Sylhet, Sunamganj, Natore, Gaibandha, Bogra, Netrokona, Feni, Habiganj, and Sirajganj were inundated further due to overflow of major rivers on 13 July. As the flood inundated many low-lying areas in northern and north-eastern regions over the past few days, marooned people have set up basic shelter on embankments, roads, highland and flood centres with their domestic animal and valuables. ([IFRC, 17 Jul 2020](https://reliefweb.int/node/3654275))

According to National Disaster Response Coordination Center (NDRCC) report issued on July 17, 18 districts (Lalmonirhat, Kurigram, Gaibandha, Nilphamari, Naogaon, Rangpur, Sirajganj, Bogra, Jamalpur, Tangail, Netrokona, Rajbari, Faridpur, Madaripur, Manikganj, Feni, Sunamganj, Sylhet) of Northern, NorthEastern and South-Eastern Bangladesh are most affected due to continuation of weeklong monsoon rains in the upstream regions and throughout the country. The flood situation is currently worsening in those districts where roads are cut off and hundreds of thousands of people are stranded. NDRCC preliminary report inform that 2.4 million people are affected in the 18 district and 548,816 families lost their houses. ([UNRC, 18 Jul 2020](https://reliefweb.int/report/bangladesh/office-un-resident-coordinator-flash-update-no-1-bangladesh-2020-severe-monsoon))

Flooding in Bangladesh continues to grow more severe, with about 1.4 million people currently affected. Current estimates indicate that nearly half of all districts in the country will be affected in the coming weeks. ([OCHA, 17 Jul 2020](https://reliefweb.int/node/3654224/))

Monsoon rain continues to hit Bangladesh. According to media, the number of fatalities has reached 67. Thousands of people in low-lying areas are affected by flood or landslide events. Approximately 56,000 people were displaced to 1,086 flood shelters across 18 Districts. Road communication in some areas was damaged by floods, isolating several sub-districts. According to Flood Forecasting and Warning Centre (FFWC), the water level of major river basins is at severe flood risk in at least 3 localities, and at flood risk in 17 points across the country. Flood situation is likely worsen over north-west and central Bangladesh in the coming days, until the end of July. ([ECHO, 20 Jul 2020](https://reliefweb.int/node/3654534/))

According to the National Disaster Response Coordination Center (NDRCC), 2.4 million people are reportedly affected, and over 548,000 families had their homes flooded or water-logged. Flood protection infrastructures such as embankments and dykes are already damaged. The COVID-19 pandemic context creates further challenges to disaster response and recovery efforts as measures such as physical distancing need to be observed in order to minimize the risk of infections among the affected people, especially those in emergency shelters. ([OCHA, 21 Jul 2020](https://reliefweb.int/node/3654965/))

Official authorities reports, as of 25 July, 93 fatalities, around 3.3 million affected people, and around 732,000 waterlogged people across 21 Districts of the country. The worst affected Districts by the flood are the Jamalpur (Mymensingh Division) and the Sunamganj Districts (Sylhet Division). ([ECHO, 27 Jul 2020](https://reliefweb.int/node/3656657/))

As of 28 July, 4.7 million people are affected and 984,819 houses inundated. More than 150,000 ha of paddy fields were damaged, along with thousands of latrines and tube wells. As per the Needs Assessment Working Group report, 24% of the country is inundated, approximately 56,000 people have been displaced in 1,086 flood shelters. Several districts are isolated due to road communication damaged. Over 1,900 schools are damaged, leaving 807,467 children without access to education. ([ECHO, 28 Jul 2020](https://reliefweb.int/node/3657006/))

Heavy monsoon rains in upstream regions continue to cause flooding in 30 districts in the north, north-east and south-east of the country, affecting some 5.4 million people. As of 2 August, 135 deaths, mostly as a result of drowning, have been reported. Flooding has damaged houses, dykes and embankments, water sources, hygiene facilities, and has severely impacted livelihoods, especially in the agricultural sector. Access to basic services such as health care and education have been disrupted. Humanitarian partners continue to respond the needs of affected people in coordination with the Government of Bangladesh. ([OCHA, 4 Aug 2020](https://reliefweb.int/node/3658746/))

According to the Ministry of Health and Family Welfare (MoHFW) the ongoing floods resulted in over 220 deaths so far. More than 1.27 million houses have been partially or fully damaged by the floods and over 167,000 families remain displaced. In addition, over 170,000 hectares of agricultural land have been affected. While flood waters are receding in some areas, riverbanks continue to erode and pose risks to surrounding communities. ([OCHA, 19 Aug 2020](https://reliefweb.int/node/3662895/))

Heay rain and gusty winds over the Rohingya refugee camps in Cox’s Bazar this week have affected 10,117 people (1,208 households), including 775 displaced people across 34 Rohingya refugee camps in Ukhia and Teknaf. 1,900 shelters were damaged as well as other infrastructure. Flooding has also been reported at the Bangladesh-Myanmar border in Naikhongchhari Upazila of Cox’s Bazar, where thousands of Rohingya refugees remain stranded. The ongoing monsoon and COVID-19 pandemic is exacerbating the suffering of affected refugees. ([ECHO, 19 Aug 2020](https://reliefweb.int/node/3662979/))

101,400 people have been affected in the Rohingya camps in Cox's Bazar, including 8,736 who have been displaced, 41 injured and 14 deaths. ([ECHO, 20 Aug 2020](https://reliefweb.int/node/3663399/))

Flooding due to heavy rains and high tides in low-lying areas of Satkhira districts in Southwest Bangladesh have marooned about 100,000 people. Many houses, fish farms, betel vines and vast tracts of croplands have been damaged. Intermittent heavy rains and gusty winds continue to affect the Rohingya camps in Cox’s Bazar. With 3,490 newly affected in the last 48 hours, the total number of people affected by the 2020 monsoon in the refugee camps has risen to 109,312, while 8,911 are displaced, 41 injured and 14 have died. ([ECHO, 24 Aug 2020](https://reliefweb.int/node/3664211/))

As of 1 October, media report around 125,000 people affected, of which 100,000 in Rangpur District (particularly in Rangpur City), and 25,000 more across Nilphamari, Lalmonirhat and Thakurgaon Districts. In addition, hundreds of damaged buildings and several flooded roads were reported across all of the aforementioned District and in the Kurigram District. ([ECHO, 1 Oct 2020](https://reliefweb.int/node/3674947/))
### Appeals & Response Plans

- [![UN RC Bangladesh: HCTT Response Plan - Monsoon floods - United Nations Bangladesh Coordinated Appeal (July 2020 - March 2021) - Cover preview](https://reliefweb.int/sites/default/files/styles/small/public/previews/27/2f/272f8d25-a38c-3891-9356-aff822e8c4cc.png) UN RC Bangladesh: HCTT Response Plan - Monsoon floods - United Nations Bangladesh Coordinated Appeal (July 2020 - March 2021)](https://reliefweb.int/node/3658947)",2020-05-12,2020-08-20,,0.0,0,0,0.0,2026-09-22 19:10:12
49428,TC-2019-000147-BGD,2019-11-01,2019,Flood,0,Khulna|Barguna,0,2284784.0,"Tropical Cyclone MATMO formed over the South China Sea on 29 October, moving west-northwest towards Vietnam. On 30 October at 0.00 UTC, its centre was approximately 275 km east-southeast of Quy Nhon City (Binh Dinh Province, central Vietnam) with maximum sustained winds of 65 km/h (tropical storm). ([ECHO, 30 Oct 2019](https://reliefweb.int/node/3370873))

Tropical depression MATMO was moving into Cambodia from Vietnam on 31 October and is expected to bring heavy rain to the central part of Thailand, where temperatures are also dropping over next few days. Strong winds and heavy rains have resulted in power loss and damaged buildings and houses in the southern central provinces of Binh Din and Phú Yên, Vietnam. The authorities evacuated around 15,000 households to safer places. A considerable rise of the water level of Rivers in Phú Yên, including Cai River have been observed representing a high flooding risk. In Quang Ngãi Province, many houses were damaged and trees were uprooted, particularly in local southern districts. ([ECHO, 1 Nov 2019](https://reliefweb.int/node/3375433))

The Central Steering Committee for Natural Disaster Prevention and Control of Vietnam reported, that Typhoon Matmo has destroyed 179 houses, damaged 2,314 buildings and 35 schools in the provinces of Quang Ngai, Binh Dinh, Phu Yen, Gia Lai and Thua Thien Hue. As of 4 November, 1 person is reported missing, 14 people have been injured and 20,000 displaced. ([ECHO, 4 Nov 2019](https://reliefweb.int/node/3377628))

After passing over south-east Asia, Tropical Cyclone MATMO has reformed over the Bay of Bengal. On 7 November its centre was approximately 480 km south-west of Ayeyarwady Region...with maximum sustained winds of 93 km/h...On 7-8 November, rain and thunderstorms are forecast over eastern Myanmar, Andaman and Nicobar Islands (India) and strong winds in West Bengal. Preparedness planning is ongoing in the Cox’s Bazar district in Bangladesh, which hosts close to a million refugees. ([ECHO, 7 Nov 2019](https://reliefweb.int/node/3383773))    

The severe cyclonic storm ‘Bulbul’ has intensified into a very severe cyclonic storm as it moves towards the West Bengal and Bangladesh coast. The system is likely to intensify further before turning north-east across the West Bengal - Bangladesh coast between Sagar Islands and Khepupara, across Sundarbans delta on 10 November with maximum sustained wind speed of 110-120 km/h to 135 km/h. Heavy to very heavy rain and strong winds are forecast over West Bengal and Odisha coasts in India, and Khulna and Barisal divisions in Bangladesh over the next 4 days.  ([ECHO, 8 Nov 2019](https://reliefweb.int/node/3385748))

As of 10 November, the system has weakened to a Cyclonic Storm with a maximum sustained wind speed of 80-90 km/h and centred over Southwestern part of Bangladesh. It is expected to further move northeasterly direction and weaken gradually. ([ECHO, 10 Nov 2019](https://reliefweb.int/node/3387213))

The number of fatalities in West Bengal State (India) and southern Bangladesh has increased to 20, after Tropical Cyclone BULBUL's passage on 9-10 November. According to media reports, 10 people died in West Bengal, and 2 more deaths were reported in Odisha State (north-east India). Over 26,000 houses were damaged. In Bangladesh, 8 people died, 15 fishermen are still missing, and at least 30 people are injured. More than 17,000 houses have been damaged and river embankments were breached in Barguna district (Barisal Division, southern Bangladesh). Disaster response teams from India and Bangladesh have been deployed to the affected areas and food and relief items are being distributed to the population. ([ECHO, 11 Nov 2019](https://reliefweb.int/node/3388058))

After Tropical Cyclone BULBUL's passage on 9-10 November, the number of fatalities has increased to 24 (12 in India and 12 in Bangladesh).
According to DG ECHO and UN OCHA, 28 people are still missing in Bangladesh, 71 have been injured and 2,106,918 have been evacuated to 5,787 evacuation centres. A total of 50,287 houses have been damaged or destroyed and more than 60,000 ha of crops have been affected.
For the next 24 hours, light to moderate rain is expected across South Assam, Meghalaya, Tripura and Mizoram as BULBUL moves slightly east-northeast, weakening to a low-pressure area. ([ECHO, 12 Nov 2019](https://reliefweb.int/node/3390023))

As of 14 November, the government, media and Bangladesh Red Crescent Society (BDRCS) reported 722,674 people have been affected. More than 150,000 houses have been damaged by the cyclone. Furthermore there are 117,795 hectares of affected crops. Field assessment team confirmed that immediate needs are repairing shelter and provisioning for basic needs assistance. ([IFRC, 14 Nov 2019](https://reliefweb.int/node/3400323/))",2019-09-12,2019-12-21,,0.0,0,0,0.0,2026-09-22 19:10:12
49593,EP-2019-000184-BGD,2019-09-30,2019,Epidemic,6,National,0,0.0,"Refugee camps in Bangladesh have seen a sustained high number of measles cases from September through November 2019. More than 1,510 measles cases have been reported for 2019, with over 110 of these manifesting only in the last week. ([WHO, 1 Dec 2019](https://reliefweb.int/node/3427593)).

In December, instances of measles have risen. During the first week of the month, another 125 suspected measles cases reported to the WHO. ([WHO, 8 Dec 2019](https://reliefweb.int/node/3437288))  As of 22 December, there were 2,175 measles cases reported during 2019. The number of suspected cases reported during Week 51 was 157. A Measles Outbreak Response Immunization is scheduled to occur from 12 January to 12 February, 2020. The immunization will target an age group ranging from six months old to less than 10 years old in the camp population ([WHO, 22 Dec 2019](https://reliefweb.int/node/3458313/)).

As of 29 December, there were 210 suspected measles cases were reported during week 52. This brings the total measles cases during 2019 to 2,446 with 0.1% morbidity ([WHO, 29 Dec 2019](https://reliefweb.int/node/3463723/)).

During the first week of 2020, there were 264 measles cases reported with 0.7 per cent morbidity. The number of measles cases has remained high since September 2019 ([WHO, 5 Jan 2020](https://reliefweb.int/node/3469623)).

More than 370 suspected measles cases were reported between 13 and 19 of January. This brings the total of measles cases reported in 2020 to almost 1,100. The instances of reported measles cases has continued to rise through the month. ([WHO, 19 Jan 2020](https://reliefweb.int/node/3490518)).

About 254 suspected measles cases were reported between 20 and 26 of January. This brought the total of measles cases reported in 2020 to over 1,500. ([WHO, 26 Jan 2020](https://reliefweb.int/node/3504198/)).

As of 9 February, there were 2,662 measles cases reported in 2020. The ongoing measles outbreak response Immunization in the camps expected to be completed by February 12. ([WHO, 9 Feb 2020](https://reliefweb.int/node/3522239/)).

The Measles Outbreak Response Immunization was completed in the camps. Total 292,394 doses were administered in children 6 month to <10 years ([WHO, 16 Feb 2020](https://reliefweb.int/node/3532704/)).

In the last three weeks, number of cases showed a decreasing trend with total of 111 suspected measles cases reported during week 8 of 2020. As of 23 February, there were 3,320 cases report in 2020. ([WHO, 23 Feb 2020](https://reliefweb.int/node/3544198/)).

During week 11 of 2020, a total of 36 suspected measles cases were reported, bringing the total number of cases reported in 2020 to 4,188. This is the fifth week that the number of cases showed a decreasing trend ([WHO, 15 Mar 2020](https://reliefweb.int/node/3569363/)).",2019-08-11,2019-11-19,,0.0,0,0,0.0,2026-09-22 19:10:12
48479,FL-2019-000079-BGD,2019-06-21,2019,Flood,0,Jamalpur|Sunamganj|Bogra|Tangail|Gaibandha|Kurigram|Bandarban|Sirajganj|Cox's Bazar|Sylhet,0,0.0,"The Monsoon Season in Bangladesh officially started on 17 June. However, monsoon-related incidents have been recorded in the Rohingya refugee camps since April. During the reporting period, from 14 to 20 June, some 290 refugees in total were affected by landslides/erosions, wind, storm, rain and fires. The most commonly reported events were wind, rain and storms, affecting over 180 Rohingya refugees.([ISCG, 20 Jun 2019](https://reliefweb.int/node/3184769))

During the reporting period, from 20 to 27 June 2019, some 182 refugees were affected by monsoon-related events. The heaviest monsoon impact this week was recorded on the 21st of June, with windstorms and landslides affecting almost 100 people...Cumulatively, since 21st April, at least 22,000 refugees have been affected by landslides/erosions, wind, storm and rain. ([ISCG, 27 Jun 2019](https://reliefweb.int/node/3194419))     

Three days of continuous rain in Bangladesh have destroyed 273 shelters and injured 11 people in the Cox’s Bazar settlements where more than 900,000 Rohingya refugees live. An estimated 350mm of rain fell in 72 hours from Monday and more heavy downpours are expected throughout next week, with four months of the monsoon season to go. According to preliminary reports, there have been 26 landslides. ([UNHCR, 5 Jul 2019](https://reliefweb.int/node/3201559))

From 1 to 7 July,  136 natural disaster related incidents were reported affecting nearly 18,000 people in the Cox’s Bazar refugee camps as a result of the monsoon. 3,230 people were displaced, 16 injured and 2 were killed, including one child. The incidents also caused damage to infrastructure within the camps, with nearly 3,800 shelters and facilities reported to have been damaged or destroyed. The humanitarian community have responded to these needs either from resources available in the camp, or for 10 incidents, through sectoral/emergency programmes. Since the beginning of the rainy season in late April, nearly 38,500 people have been affected, 4,500 displaced, 61 people injured, and eight killed. ([OCHA, 8 Jul 2019](https://reliefweb.int/node/3203774))     

According to the [ISCG] daily incident report, 5 landslide, 10 storm and 1 flooding incidents were reported on 11 July, affecting 1,232 people in the camps including 195 individuals temporarily displaced, and 39 shelter and 22 WASH facilities were damaged. Since 2 July, a total of 46,685 people have been affected, and 5,835 displaced within refugee camps in Ukhia and Teknaf Upazilas of Cox’s Bazar. Two deaths have been reported. ([ECHO, 12 Jul 2019](https://reliefweb.int/node/3212384))

As of 16 July 2019, 21 low-lying districts in Bangladesh are flooded and 3 districts are affected by river bank erosion. Over 20 million people have been affected and 30 people have died since 13 July 2019. People have been marooned in their homes, schools have been closed and, in some cases, eroded to rivers, crops have been damaged, and livelihoods disrupted.  Over 20 river stations are flowing over the warning level. Forecasts show that the situation may deteriorate in the northern most districts whilst improving in the north-western districts. ([CARE, 16 Jul 2019](https://reliefweb.int/node/3217738/))

Continuous monsoon rains have impacted several districts in the north, north-east and south-east of the country, resulting in flooding and landslides. As of 19 July, 37 people are dead. According to Bangladesh Red Crescent Society, more than 4.7 million people have been affected and at least 135,600 houses have been damaged. On 16 July, the Jamuna river broke its banks, inundating at least 40 villages and displacing more than 200,000 people. Several rivers have reached dangerous levels in 23 points across the country. Rescue and aid operations have been hampered by road and communication interruptions caused by floods and landslides. Shortages of food and drinking water have resulted in an outbreak of water-borne diseases in several areas. ([ECHO, 19 Jul 2019](https://reliefweb.int/node/3222438/))

As of 21 July, about 4 million people have been affected by flood and landslides, 36 people reportedly killed, and more than 187,000 people displaced, according to the Government. Schools in most affected areas are being used as shelters. Response is ongoing and the government authorities have distributed relief items. About 2,000 emergency health support teams are operational in 20 districts. Forecasts suggest that another round of heavy rainfall could result in additional flooding and landslides in Bangladesh and surrounding areas from late July into early August. ([OCHA, 22 Jul 2019](https://reliefweb.int/node/3224508/))

Monsoon rains continue to affect most of the country (particularly northern, north-eastern and south-eastern Divisions). The most affected Districts are Kurigram, Jamalpur, Gaibandha, Sirajganj, Sunamganj, Bogura and Bandarban. The UN Resident Coordinator for Bangladesh reports 71 fatalities across 21 Districts, more than 287,000 people displaced and around 4 million people affected. In addition, the same source reports more than 27,000 houses destroyed and approximately 419,000 houses damaged. ([ECHO, 25 Jul 2019](https://reliefweb.int/node/3230923/))

As of 30 July, the number of fatalities caused by heavy monsoon rainfall has reached 119. According to the UN assessment, 7.3 million people have been directly affected by monsoon floods throughout the country, and an estimated 308,000 people have been displaced. 85% of the overall displacement has occurred in the nine most affected districts Jamalpur, Kurigram, Gaibandha, Sylhet, Sirajganj, Tangail, Sunamganj, Bogra, Bandarban. Approximately 584,000 houses are damaged or destroyed, while flooding has damaged transport infrastructure, including 6,641 kilometres of road and 1,275 bridges. There is a high risk of water-related diseases and infections. ([ECHO, 30 Jul 2019](https://reliefweb.int/node/3237039))

As of 5 August, 7.6 million persons in 28 districts are affected by the monsoon floods. More than half a million houses were damaged or destroyed and 300,000 persons were displaced. Nine districts are severely impacted: Bogra, Gaibandha, Jamalpur, Kurigram, Sirajganj, Sunamganj, Sylhet, Tangail and, Bandarban. The latter faced landslides and flashfloods. The number of deaths remain at 119. ([Office of the Resident Coordinator, 05 Aug 2019](https://reliefweb.int/node/3246884))

Monsoon rains have continued to cause damages and to displace people across 28 districts in Bangladesh, including damages to 6,641 kilometers of roads, 1,275 bridges and culverts, and 1,515 kilometers of embankments. Over 260,000 people been displaced, with most housed in makeshift shelters or on embankments. While some people have started to return in areas where waters have receded, riverbank erosion has permanently destroyed homes and settlements in other areas. ([OCHA, 13 Aug 2019](https://reliefweb.int/node/3256849))

In Cox’s Bazar, heavy Monsoon rains in the last 24 hours caused several localised landslides and flooding in Rohingya refugee camps and host communities. Among host communities, 3 children died and 18 others were injured as a result of landslides and drowning. Among the Rohingya refugee population, 22 incidents were reported that resulted in the displacement of 2 264 people and injuring 72. 354 shelters, 88 latrines and 4 water points were also damaged. More heavy rain and thunderstorms are forecast in the region over the next 24 hours. ([ECHO, 11 Sep 2019](https://reliefweb.int/node/3298408))

From September 6 to 12, heavy monsoon rains have affected over 28,000 refugees in Cox's Bazaar. Of these, 19,108 refugees have been affected by 16 floods and over two thousand refugees have been affected by 46 slope failures. ([ISCG, 12 Sep 2019](https://reliefweb.int/node/3306708/)) Over 1,800 households were reported as having damaged shelters and over 10,000 people have been displaced within the camps, with the Teknaf Upazila camps of Leda and Nayapara being primarily affected. Response is ongoing through the Inter Sector Coordination Group (ISCG) and the Government of Bangladesh. ([OCHA, 16 Sep 2019](https://reliefweb.int/node/3304793/)).

From the period of 20 September to 10 October, 1,920 refugees were affected by the monsoon in Cox's Bazar. In that same period, 208 refugees were displaced due to the monsoon. ([ISCG, 10 Oct 2019](https://reliefweb.int/node/3347403))

Tropical Cyclone Bulbul's passage on 9-10 November saw 12 fatalities in Bangladesh. According to DG ECHO and UN OCHA, almost 30 people are missing in the aftermath of the storm, while more than two million have been evacuated to temporary shelters. ([ECHO, 12 Nov 2019](https://reliefweb.int/node/3390023))
### Useful Links

- [Flash Flood Early Warning Flood Forecasting and Warning Center (FFWC) Bangladesh Water Development Board (BWDB)](http://geo.iwmbd.com:2000/flashflood/)
- [Bangladesh Flood Forecasting & Warning Centre](http://www.ffwc.gov.bd/)",2019-05-02,2019-08-10,,0.0,0,0,0.0,2026-09-22 19:10:12
45604,FL-2018-000105-BGD,2018-04-18,2018,Flash Flood,0,National,0,37.0,"Pre-monsoon rains started on 18 April 2018 near Cox’s Bazar on Bangladesh’s southern coast. A risk analysis released in the beginning of this year estimated that at least 86,000 people were living in areas at particularly high risk of floods while more than 23,000 were on steep, unstable hillsides that could crumble with continuous heavy rainfall. The camp population has risen by some 200,000 people since. ([Red Cross Red Crescent Climate Centre, 22 Apr 2018](https://reliefweb.int/node/2568724))

Over 40,000 Rohingya families in Bangladesh’s Cox’s Bazar refugee camps have now been trained in shelter upgrade techniques ahead of the fast approaching monsoon and cyclone season...In total 100,000 families will be reached through the trainings, while IOM is overseeing the roll out of a similar number of upgrade kits containing ropes, bamboo, tarpaulin and tools. ([IOM, 24 Apr 2018](https://reliefweb.int/node/2571404))

In case of flooding, the number of people suffering acute watery diarrhea is likely to increase. UNICEF and partners are readying to support an estimated 10,000 people, more than half of which (55 per cent) are children, with treatment for Acute Watery Diarrhea over the next three months. UNICEF is constructing 5 additional Diarrhea treatment centers. One has already opened, two other will open later this week and the two last ones end of May...At least 3 out of 24 health facilities supported by UNICEF in the camps and makeshift settlements are at risk of flooding. This could affect between 25,000 and 30,000 people, more than half of which are children. ([UNICEF, 1 May 2018)](https://reliefweb.int/node/2582079/))

UNHCR...is rushing additional aid to Bangladesh where the first monsoon rains have been affecting Cox’s Bazar district and the hundreds of thousands of Rohingya refugees there. The first of three scheduled humanitarian airlifts carrying additional shelter materials arrived in Bangladesh on Tuesday (1 May). Its load, 1,400 tents, is the first batch of 10,000 tents that UNHCR will airlift by the end of May. The aim is for the tents to provide emergency shelter for an estimated 60,000 refugees currently residing in areas at high risk of landslides and flooding. Aid is also being moved by sea; this includes additional tents, 170,000 tarpaulins sheets, and other basic items. Humanitarian partners estimate that between 150,000 and 200,000 Rohingya refugees will be at risk this monsoon season...Of this number, 24,000 people are at critical risk due to severe instability of the land on which their shelters have been constructed. ([UNHCR, 4 May 2018)](https://reliefweb.int/node/2588064/)

The newly prepared 12-acre plot is now ready to receive shelters and other key services. It will provide new homes for nearly 500 families currently living in some of the most high-risk parts of the refugee site. ([IOM, UNHCR and WFP, 8 May 2018)](https://reliefweb.int/node/2592794/)

In the Rohingya refugee camps, during the period of 14-21 May, over 50 households and more than 150 individuals were affected by landslides and windstorms. To date, more than 21,300 refugees have been relocated from high risk locations with an additional 8,400 planned...Of the 24,000 latrines to be de-sludged, over 17,500 are completed. There is still a need for new de-sludging and solid waste management sites, and there remains a high risk of disease outbreaks including water borne diseases (Acute Watery Diarrhoea, Hep A, Hep E) and vector borne diseases (Dengue, Malaria), due to the poor sanitary conditions in the camps. ([OCHA, 21 May 2018](https://reliefweb.int/node/2613164))

Between 22-30 May 2018, 503 refugees living in camps in Cox’s Bazar and at risk of landslides or floods, were relocated to safer areas. More than 660 people were affected by weather-related incidents including landslides during the same period. To date, over 25,000 people have been relocated within the camps either to safer areas, or to facilitate construction and improvement works. ([OCHA, 4 Jun 2018](https://reliefweb.int/node/2635479))

The first heavy rains of the year swept through Rohingya refugee settlements in Cox’s Bazar district this weekend, marking the start of the monsoon season...Torrential rains and winds up to 70 kilometres per hour caused at least 89 reported incidents, including 37 landslide incidents, causing several injuries and one confirmed fatality – a child. Nearly 2,500 refugee families, some 11,000 people in all, are affected. As of 10 June the rain has become nearly continuous. According to the Bangladesh Meteorological Department nearly 400 millimetres of rain have fallen in Cox’s Bazar area since Sunday. This is equivalent to two thirds of the average June rainfall for this part of the country. ([UNHCR, 12 Jun 2018](https://reliefweb.int/node/2649179)).

From 11 to 18 June, heavy monsoon rains in Cox’s Bazar again triggered flooding and landslides in the Rohingya refugee camps, affecting 9,000 individuals and displacing more than 2,000 people. Small-scale landslides, floods and high winds damaged structures, bridges, culverts, drainage channels and access roads as well as water points, latrines and other facilities in Ukhia and Teknaf. Weather conditions continue to pose serious protection, health and other risks to refugees, especially to women and children who represent over 80 per cent of the Rohingya refugee population. ([OCHA, 18 Jun 2018](https://reliefweb.int/node/2657809))

Between June 14 - 21, the monsoon rains brought 95mm of rainfall compared to 537mm during the previous week. The weather was marked by a four-day lull in the rains providing humanitarian workers an opportunity to repair damages from recent landslides, floods and gusts of wind. Repairs focused on bridges, culverts and access roads to ensure reestablishment of any services disrupted. Emergency life-saving response remains an urgent priority. ([ISCG, 21 Jun 2018](https://reliefweb.int/node/2664644/))

Between 25 June and 1 July, more than 900 people living in refugee camps in Cox’s Bazar were affected by heavy rain, landslides and strong winds, with 26 households displaced. More than 90 educational facilities were damaged, and 35 have been decommissioned, affecting almost 10,000 children. Repair of access roads, culverts, bridges and infrastructure is ongoing to mitigate against the impacts of further heavy rain. ([OCHA, 2 July 2018](https://reliefweb.int/node/2678344))

Between 2 and 7 July, monsoon rains continued to affect the Rohingya refugee camps in Cox’s Bazar. 4,830 people were affected by landslides, flooding and wind damage with 1,370 people displaced. Among other impacts, the heavy monsoon rains since 28 June have severely damaged child protection facilities. 28 were affected and recommended for closure, 5 were decommissioned, and 9 provide temporary shelter to newly affected families pending relocation to safer sites. As of 4 July, 16 of the affected facilities remain closed, while services are provided from other facilities. ([OCHA, 9 Jul 2018](https://reliefweb.int/node/2688394))

Between 11 and 17 July, Cox’s Bazar recorded 115 mm of rain compared to the 140 mm received in the previous week. Respite from heavy rains provided an opportunity for further progress on monsoon mitigation measures, construction and repair of infrastructure, including access roads in the camps. Heavy rains are anticipated from 21 to 23 July specifically with over 70 mm on 22 July alone. High winds, including gusts of up to 90 km/h are also expected. ISCG has issued an alert to all sectors, Agencies, NGOs and competent Authorities to ensure adequate response mechanisms at the field level. ([ISCG, 17 Jul 2018](https://reliefweb.int/node/2703709))

On 24 July, shelter teams from IOM, working with over 19,000 Rohingya refugee and local labourers reported to have completed the construction of over 1,000 new shelters as part of a rapid response project to help move refugee families most at risk from landslides during the monsoon. In just over a month, 1,150 of the “Robust Emergency Shelters” have been built with the support of refugee and host communities, who have helped with the construction and transported materials to the new site known as Camp 20 Extension. ([IOM, 24 Jul 2018](https://reliefweb.int/node/2711179))

Heavy rains from 23-25 July 2018 triggered landslides and flooding throughout Cox’s Bazar district. The Bangladesh Meteorological Department recorded 463mm of rainfall in under 24 hours on 25 July—the second highest recorded rainfall in one day for the district. Nearly 60 incidents of landslides, winds, floods, and waterlogging reported in all settlements by the InterSector Coordination Group (ISCG) 2 on 25-26 July 2018, with 445 shelters damaged. No reported settlements fatalities thus far. However, landslides in the morning of 25 July killed five local children, according to Cox’s Bazar police. ([UNHCR, 27 Jul 2018](https://reliefweb.int/node/2718044))

Between 27 July and 2 August, monsoon rains continued in Cox’s Bazar causing 44 incidents including landslides, winds, floods, and waterlogging, leading to the damage of 61 shelters. During the same period, a total of 142 Rohingya families (596 individuals) from high-risk landslide areas in seven areas were relocated to Camp 4 Extension. This permanent relocation is part of the expedited risk mitigation measures being done due to heavy rains in the past weeks. UNHCR deployed a Multi-Functional Team (MFT) comprising 16 staff members to affected areas since 25 July. ([UNHCR, 4 Aug 2018)](https://reliefweb.int/node/2729894))

There was minimal rain in Cox’s Bazar between 3 and 9 August 2018, during which three incidents, including a landslide, flood, and a fire, were reported by the Inter Sector Coordination Group across all the refugee settlements, affecting 24 households. Around 106 Rohingya families (436 individuals) from high risk landslide areas were relocated to Camp 4 Extension during the same week. A total of 2,676 individuals from at-risk areas have been relocated to this site by UNHCR as of 8 August. ([UNHCR, 9 Aug 2018)](https://reliefweb.int/node/2739624))

No significant rain occurred during the period of 10-16 August. Two incidents of landslide/soil erosion were reported by ISCG across all refugee settlements affecting 16 households. A total of 14 shelters were damaged.  As of 16 August, a total of 24,709 individuals from at-risk landslide areas in all settlements were relocated to various new sites. ([UNHCR, 16 Aug 2018)](https://reliefweb.int/node/2748609))

Despite decrease in rainfall during the period of 17 - 23 August, four incidents of landslide/soil erosion were reported by the Inter-Sector Coordination Group across all refugee settlements resulting in damage to four shelters and affecting seven households 41 individuals. During the same period, around 19 refugee families (77 individuals) from high-risk landslide areas in two refugee sites were relocated to safer grounds between. As of 20 August, UNHCR, IOM and partners have relocated a total of 24,786 individuals from at-risk landslide areas in all settlements to various new. ([UNHCR, 23 Aug 2018)](https://reliefweb.int/node/2757454/))

As of today, 67 families have been moved into shelters from landslide high risk locations... Since the beginning of the monsoon season, 2,183 households have had their shelters affected by the monsoon rains and received emergency shelter items. ([IOM 13 Sep 2018](https://reliefweb.int/node/2785179))

Disaster risk reduction (DRR) activities such as slope  stabilisation,  reinforcing  WFP  assistance sites  and  strengthening  shelters  for  cyclone preparedness  are  ongoing. WFP  with  IOM  and other  partners  are  also  constructing  bamboo bridges to improve access in the camps. A  joint assessment has been conducted with FAO for a reforestation  project  in  the  camps.  During August,  4,000  refugees  were  engaged  in  DRR activities for a daily cash remuneration. ([WFP, 10 Sep 2018](https://reliefweb.int/node/2788564/))

During 1 - 15 September, UNHCR and partners relocated 33 refugee households/144 individuals at high risk of landslides, as well as new arrivals, and families affected by ongoing construction within the settlements, to safer areas during the reporting period. Thirty incidents, including 18 landslides, were recorded from 1-13 September, affecting 154 refugee families in all settlements. Over half of the families in need of safe relocation have been assisted so far. UNHCR, with support from the International Union for Conservation of Nature (IUCN) and BRAC, planted 5,447 seedlings of five plant species, covering over 2 hectares of land in six locations in Kutupalong settlement. The project is an effort to address environmental damage from deforestation. ([UNHCR, 15 Sep 2018)](https://reliefweb.int/node/2790089/)

Shariatpur district which is situated along the Padma River has been severely affected by riverbank erosion caused by heavy rain and floods in some parts of India. Four unions and one municipality of Naria Upazila and Zajira Upazila have been affected. An estimated 8,710 families or approximately 43,550 people  have been displaced. A rapid evacuation took place, but unfortunately some people did not manage to leave on time, resulting in a number of casualties as a result. ([IFRC, 25 Sep 2018)](https://reliefweb.int/node/2803509/)

Cyclone preparedness is the top priority. Response planning and risk mitigation efforts continue, in coordination with Government partners. Shelter upgrades continue, with 169,866 households supported with tie-down kits that allow shelters to resist winds up to 40 km/hr. 3,400 households have received mid-term and transitional shelters which can resist wind speeds of 50 and 80+ km/hr, respectively. As of 23 September 2018, 43,640 refugees have been relocated into newly developed sites or within their camps, including for landslide and flood risk mitigation, infrastructure development as well as new arrivals; 26,177 of these were due to heightened landslide risks. Safe space for emergency evacuations is urgently needed. ([ISCG, 27 Sep 2018](https://reliefweb.int/node/2809144))

Heavy rain and thunderstorms caused flooding, wind damage and landslides in the Rohingya refugee camps in Cox’s Bazar affecting at least 692 households and damaging over 234 shelters. Cumulatively since May 2018, the monsoon rains have affected at least 12,000 households and displaced over 6,000 people within the camps. ([OCHA, 15 Oct 2018](https://reliefweb.int/node/2830019))
### Useful Links

- [Bangladesh Meteorological Department](http://www.bmd.gov.bd/?/home/)",2018-02-27,2018-06-07,,0.0,0,0,0.0,2026-09-22 19:10:12
44629,EP-2017-000177-BGD,2017-12-06,2017,Epidemic,6,National,0,0.0,"Diphtheria is rapidly spreading among Rohingya refugees in Cox’s Bazar, Bangladesh, the WHO warned. More than 110 suspected cases, including 6 deaths, have been clinically diagnosed by health partners, including Médecins Sans Frontières (MSF) and IFRC. ([WHO, 6 Dec 2017](https://reliefweb.int/node/2362494))   

The Government of Bangladesh, with the support of UNICEF, WGO and GAVI, the Vaccine Alliance, launched a vaccination campaign against diphtheria and other preventable diseases for all Rohingya children aged six weeks to six years living in 12 camps and temporary settlements near the Myanmar border. Accelerated immunization will cover nearly 255,000 children in the Ukhiya and Teknaf sub-districts in Cox’s Bazar, while the Government and health partners continue to increase support for diphtheria treatment and prevention.  ([WHO, 12 Dec 2017](https://reliefweb.int/node/2371129))   

From 3 November through 12 December 2017, a total of 804 suspected diphtheria cases including 15 deaths were reported among the displaced Rohingya population in Cox’s Bazar. The first suspected case was reported on 10 November by a MSF clinic in Cox’s Bazar. Of the suspected cases, 73 per cent are younger than 15 years of age...Fourteen of the 15 deaths reported among suspected diphtheria cases were children younger than 15 years of age. ([WHO, 13 Dec 2017](https://reliefweb.int/node/2373964)) 

WHO has released US$1.5 million from its Contingency Fund for Emergencies to help finance scaling up of health operations in Cox’s Bazar over the next six months, in efforts to respond to an outbreak that has seen more than 1,500 probable cases, including 21 deaths. ([WHO, 19 Dec 2017](https://reliefweb.int/node/2382679)) 

As of 31 December, 28 deaths and 3,014 suspected cases of diphtheria have been reported from Cox’s Bazar. Nearly 10,594 contacts of these suspected cases have been put on diphtheria preventive medication. ([WHO, 2 Jan 2018](https://reliefweb.int/node/2399309))

WHO and UNICEF are working with Ministry of Health and Family Welfare to vaccinate over 350,000 children in the Rohingya camps and makeshift settlements with an additional dose of diphtheria vaccine. So far, 4,800 suspected cases of diphtheria and 35 deaths have been reported in Cox’s Bazar. Thirty-seven of the suspected cases were in host communities. ([WHO & UNICEF, 28 Jan 2018](https://reliefweb.int/node/2435989))

As of 27 January 2018, a total of 4907 cases clinically suspected with diphtheria have been reported. Of these, laboratory  specimen information was  reported for  269 cases, 88  (32.7%)  of  which  tested  positive  by PCR. A total of 35 deaths  have been recorded as of 27 January. Reports  of  diphtheria  have  stabilized  at  50-60  case-patients  per  day  over  the  last  10  days  which  is consistent with diphtheria antitoxin use. ([WHO, 29 Jan 2018](https://reliefweb.int/node/2442819)) 

As of 1 March 2018, 5,882 suspected diphtheria cases including 38 deaths have been reported, with 171 cases in the week of 23 February. This is a declining trend from 219 and 280 cases in the preceding two weeks. The third round of diphtheria vaccination will be held from 10 to 25 March with increased focus on communicating the importance of this campaign to the community. Independent monitoring in round two led to estimates that up to 60,000 children were missed. ([UNICEF, 1 Mar 2018](https://reliefweb.int/node/2495914/)).

On 10 March 2018, the number of suspected cases rose to 6,132 ([WHO, 13 Mar 2018](https://reliefweb.int/node/2513374/))

As of 24 April 2018, a total 6,780 suspected cases of diphtheria have been reported. Cases continue to be reported amongst children aged 5‐14 years. No deaths were reported in week 16. During the same week, seven cases were reported from the host community, bringing the total to 64 cases. ([WHO, 26 Apr 2018](https://reliefweb.int/node/2581689))

As of 28 April 2018, 6,822 cases of diphtheria with 42 deaths, including 216 cases in the last two weeks, were reported. In host communities, a total of 56 cases were reported with no deaths. ([UNICEF, 5 May 2018](https://reliefweb.int/node/2592199)). 

As of 19 May 2018, there were 6,918 diphtheria case-patients reported through EWARS and an additional 653 case-patients were tested negative on PCR. No new deaths were reported in last four weeks. [(WHO, Gov't of Bangladesh, 22 May 2018)](https://reliefweb.int/node/2621619/)

As of 26 May 2018, there have been 6,949 diphtheria case-patients reported through EWARS, and an additional 681 case-patients were tested negative on PCR. A total of 47 new case-patients were reported, which is slightly lower compared to previous week.  Total of 42 diphtheria deaths have reported, no new death was reported this week. ([WHO, 31 May 2018](https://reliefweb.int/node/2634369))

As of 2 June 2018, there were 7,682 diphtheria case-patients reported through EWARS, including 686 case-patients who were tested negative by PCR. This week 51 new case-patients (updated counts as of 5 June 2018) were reported which is slightly lower than previous week (57 case-patients in week 21). ([WHO, Gov't of Bangladesh, 5 June 2018](https://reliefweb.int/node/2641579))

As of 30 June, a total of 7,888 diphtheria case-patients were reported through EWARS, including 245 case-patients tested positive and 778 tested negative on PCR. 65 new case-patients reported which is higher than previous week. One death reported this week. Total number of deaths = 44. ([WHO, Gov't of Bangladesh, 30 June 2018](https://reliefweb.int/node/2683644))

As of 24 July, a total of 8,031 diphtheria case-patients were reported through EWARS, including 261 case-patients tested positive and 913 tested negative on PCR. During week 29, 34 new case-patients reported which is lower than the previous week. ([WHO, Gov't of Bangladesh, 24 Jul 2018](https://reliefweb.int/node/2716739))

As of 2 August, 85 cases of diphtheria without death were reported during the past two weeks bringing the total to 8,031 cases with 44 deaths since 8 November 2017. ([UNICEF, 2 Aug 2018](https://reliefweb.int/node/2735264))

In week 36, Diphtheria contact tracing was conducted for a total of 3 cases (35 contacts). Since inception, contact tracing has been conducted for a total of 1,119 cases. In total, 7,769 contacts have been traced and provided with chemoprophylaxis ([IOM, 13 Sep 2018](https://reliefweb.int/node/2785179))

Diphtheria contact tracing was conducted for a total of 2 cases (21 contacts) in week 37. Since inception of this activity, contact tracing has been conducted for a total of 1,121 cases, with 7,790 contacts traced and provided with chemoprophylaxis. ([IOM, 20 Sep 2018](https://reliefweb.int/node/2795399))

In week 38, no diphtheria cases were reported. This is the first week in which zero cases were reported since the start of the outbreak. Diphtheria and oral cholera vaccination campaigns were extended among host community surrounding the refugees and Diphtheria case investigation were undertaken among host community including laboratory investigations. ([ISCG, 27 Sep 2018](https://reliefweb.int/node/2809144))

As of 2 Oct, 32 diphtheria case-patients were tested by PCR from 12 to 29 September 2018. Of these, 5 were tested positive and the rests were negative. The most recent positive case-patient was tested on 29 September 2018. This suggests that there are pockets of population not fully immunized despite three mass diphtheria campaigns. ([WHO, 2 Oct 2018](https://reliefweb.int/node/2820129))

As of 8 October, the health sector recorded zero case of diphtheria with no deaths, bringing the total cases since 8 November to 8,176 cases with 44 recorded deaths. Despite the declining trend, the transmission risk is still present as the latest confirmed cases occured on 5 September 2018. ([UNICEF, 8 Oct 2018](https://reliefweb.int/node/2829429))

As of 30 October, 11 new diphtheria case-patients (1 probable and 10 suspected) were reported this week. Total case patients reported in EWARS is 8,262. Till now 278 case-patients were tested positive on PCR (last Confirmed reported on 10 October 2018). Among other cases 2,706 case-patients were classified as probable and 5,278 case-patients were classified as suspected. ([WHO, 30 Oct 2018](https://reliefweb.int/node/2860263))

Six new diphtheria case-patients (all suspected) were reported during the week of 31 October to 6 November. Total case-patients reported in EWARS is now 8,271. Of these, 281 case patients have tested positive on PCR, with the last confirmed case reported on 24 October 2018. Of the remaining cases 2,705 were classified as probable and 5,285 as suspected. The total number of deaths remains 44. ([WHO, 6 Nov 2018](https://reliefweb.int/node/2870328))

A total of 11 new diphtheria case-patients (1 confirmed and other suspected) were reported during the week of 7-13 November. Total case-patients reported in EWARS is now 8,282. Of these, 283 case patients have tested positive on PCR, with the last confirmed case reported on 6 November. Of the remaining cases 2,705 were classified as probable and 5,294 as suspected. The total number of deaths remains 44. Last death was reported on 28 June 2018. ([WHO, 15 Nov 2018](https://reliefweb.int/node/2879888))

During the week of 14 - 20 November, ten new diphtheria case‐patients (3 probable and 7 suspected) were reported this week. Total case‐patients reported in EWARS is now 8,293. Of  these, 283 case patients have tested positive on PCR. Of the remaining cases 2,708 were classified as probable and 5,298 as suspected. The total number of deaths remains 44. ([WHO, 22 Nov 2018](https://reliefweb.int/node/2889018))

Eight new diphtheria case-patients (1 confirmed and 7 suspected) were reported during 21-27 November. Total case-patients reported in EWARS is now 8,302. Of these, 285 case patients have tested positive on PCR. Of the remaining cases 2,707 were classified as probable and 5,310 as suspected. The total number of deaths remains 44. ([WHO, 22 Nov 2018](https://reliefweb.int/node/2889018))

During 28 November to 4 December, 16 new diphtheria case-patients (4 probable and 12 suspected) were reported this week. Total case-patients reported in EWARS is now 8,322. Of these, 285 case patients have tested positive on PCR, with the last confirmed case reported on 20 November. Of the remaining cases 2,711 were classified as probable and 5,326 as suspected. The total number of deaths remains 44. ([WHO, 4 Dec 2018](https://reliefweb.int/node/2912193))

A total of three new diphtheria case-patients (all suspected) were reported during 11-17 December. Total casepatients reported in EWARS is now 8,327.  Of these, 290 case patients have tested positive on PCR, with the last confirmed case reported on 29 November. Of the remaining cases 2 709 were classified as probable and 5,336 as suspected. The total number of deaths remains 44. ([WHO, 21 Dec 2018](https://reliefweb.int/node/2928949))

As of 27 December 2018, total case-patients reported in EWARS is now 8,339. Of these, 290 case patients have tested positive on PCR. 2,710 were classified as probable and 5,339 as suspected. The total number of deaths remains 44. Four new diphtheria case-patients (all suspected) were reported during the week of 18-24 December 2018. ([WHO, 27 Dec 2018](https://reliefweb.int/node/2935964))

As of 17 January 2019, the total case‐patients reported in EWARS is now 8 372. Of these, 293 case patients have tested positive on PCR, with the last confirmed case reported on 31 December 2018. Of the remaining cases 2 710 were classified as probable and 5 369 as suspected. The total number of deaths remains at 44. ([WHO, 17 Jan 2019](https://reliefweb.int/node/2957559))

During the 2nd and 4th week of January 2019, thirteen new diphtheria case-patients (all suspected) were reported. Total case-patients reported in EWARS is now 8,403. Of these, 293 case patients have tested positive on PCR, with the last confirmed case reported on 31 December 2018. Of the remaining cases 2 710 were classified as probable and 5,396 as suspected. The total number of deaths reported due to diphtheria so far is 45. Last death was reported on 15 January 2019. ([WHO, 31 Jan 2019](https://reliefweb.int/node/2975093))

During 10 - 28 February 2019, twenty new diphtheria case-patients (all suspected) were reported. Total case-patients reported in EWARS is now 8,455. Of these, 293 case patients have tested positive on PCR, with the last confirmed case reported on 31 December 2018. Of the remaining cases 2,719 were classified as probable and 5,443 as suspected. The total number of deaths reported due to diphtheria so far is 45. Last death was reported on 15 January
2019. ([WHO, 28 Feb 2019](https://reliefweb.int/node/3020353))

Twenty new diphtheria case-patients (all suspected) were reported in weeks 9 and 10. Total case-patients reported in EWARS is now 8 474...The total number of deaths reported due to diphtheria so far is 45. Last death was reported on 15 January 2019. ([WHO, 14 Mar 2019](https://reliefweb.int/node/3043178))

Thirteen new diphtheria case-patients were reported in week 11 (1 probable and 12 suspected) but no case-patient was reported in week 12. Of these, 294 case-patients have tested positive on PCR, with the last confirmed case reported on 12 February 2019.  Of the remaining cases 2 726 were classified as probable and 5 483 as suspected. The total number of deaths reported since the start of the outbreak since is 45. Last death was reported on 15 January 2019. ([WHO, 29 Mar 2019](https://reliefweb.int/node/3065663))

There have been 172 diphtheria cases reported so far in 2019, bringing it the total to 8,518 cases since the beginning of the outbreak in November 2017. The last death was reported on 15 January 2019 (45 deaths have been reported in total). Routine immunization continues in camps to prevent the further spread of diseases; 2,710 children received their third dose of pentavalent vaccine in March 2019, indicating they are on track to have received their full schedule of vaccinations. ([UNICEF, 31 Mar 2019](https://reliefweb.int/node/3084933))

Ten new diphtheria case-patients were reported between March 24 and April 6, 2019 (1 confirmed, 9 suspected), which brings the total number of reported case-patients to 8,545. Of these, 295 case-patients were confirmed by PCR. Based on clinical presentation other case-patients were classified as probable (2,728) and suspected (5,522). In 2019,199 case-patients have been reported, of which 3 were confirmed by PCR, 19 were probable and 177 were suspected. The total number of deaths reported due to diphtheria since the start of the outbreak since is 45. Last death was reported on 15 January 2019. ([WHO, 11 Apr 2019](https://reliefweb.int/node/3090663))

Fourteen new diphtheria patients were reported in week 16 in EWARS. A total of 8580 diphtheria patients have been reported in EWARS since the beginning of the emergency, out of which 295 were classified as confirmed cases after laboratory testing. Others were classified as probable (2728) and suspected (5557) cases. ([WHO, 25 Apr 2019](https://reliefweb.int/node/3107343))

Fourteen new diphtheria case-patients were reported in week 18 in EWARS, which was less than the number reported in week 17 (17 cases). A total 8,612 diphtheria case-patients were reported in EWARS. Out of these, 295 were classified as confirmed cases after laboratory testing. Others were classified as probable (2,729) and suspected (5,558) cases. In 2019, a total of 266 diphtheria case-patients were reported including 3 confirmed, 20 probable and 243
suspected cases. ([WHO, 9 May 2019](https://reliefweb.int/node/3128748))

Six new diphtheria case-patients were reported in week 20 in EWARS, which is similar to week 19 (7 cases). A total of 8,626 diphtheria case-patients were reported in EWARS. Out of these, 295 were classified as confirmed cases after laboratory testing. Others were classified as probable 730, and suspected (5 601) cases. In 2019, total of 280 diphtheria case-patients were reported including 3 confirmed, 21 probable and 256 suspected cases. ([WHO, 23 May 2019](https://reliefweb.int/node/3149543))

Four new diphtheria case-patients (all suspected) were reported in week 22 in EWARS which is less than previous week (8 cases). A total of 8,640 diphtheria case-patients have been reported in EWARS since the start of the outbreak. Out of these, 296 were classified as confirmed cases after laboratory testing. Others were classified as probable (2,729) and suspected (5,615) cases. In 2019, a total of 294 diphtheria case-patients were reported including 4 confirmed, 20 probable and 270 suspected cases. ([WHO, 9 Jun 2019](https://reliefweb.int/node/3162424))

There has been one new suspected case of diphtheria reported in the past two weeks with an onset date in week 22. A total of 8,641 diphtheria case-patients have been reported in EWARS since the start of the outbreak. Out of these, 296 were classified as confirmed cases after laboratory testing. Others were classified as probable (2,729) and suspected (5,616) cases. In 2019, a total of 295 diphtheria case-patients were reported including 4 confirmed, 20 probable and 271 suspected cases. ([WHO, 20 Jun 2019](https://reliefweb.int/node/3187409))

Nine suspected and 1 probable diphtheria case were reported from EWARS in week 38. Number of diphtheria cases reported so far is 8779. Out of which 306 were confirmed, 2750 were probable and 5723 were reclassified as suspected. In 2019 a total 433 diphtheria cases reported in EWARS. 14 were confirmed, 41 were probable and 368 were suspected. A total 45 deaths were reported due to diphtheria since the beginning of the outbreak. No death reported in 2019. ([WHO, 22 Sep 2019](https://reliefweb.int/node/3323963))

Two probable and 6 suspected cases reported from EWARS in week 42. Number of diphtheria cases reported so far is 8,827. Out of which 308 were confirmed, 2,757 were probable and 5,762 were reclassified as suspected. In 2019 a total 481 diphtheria cases reported in EWARS. Sixteen were confirmed, 48 were probable and 411 were suspected. Last confirmed case was reported in Week 38 (22 September 2019). ([WHO, 20 Oct 2019](https://reliefweb.int/node/3368188))
### Useful Links

- [WHO: Bangladesh - Rohingya Crisis](http://www.searo.who.int/mediacentre/emergencies/bangladesh-myanmar/en)",2017-10-17,2018-01-25,,0.0,0,0,0.0,2026-09-22 19:10:12
44469,EP-2017-000187-BGD,2017-09-06,2017,Epidemic,6,National,0,0.0,"The first case of measles was reported on 6 September 2017 from Kutupalong settlement. Between that date and 18 November 2017, a total of 1,714 suspected cases of measles was reported from FDMN settlements, including two related deaths (CFR 0.12 per cent). The under-5 age group represented 83 per cent of total cases. Between 18 and 25 November 2017, a total of 283,460 children was vaccinated, achieving 63 per cent coverage. The supplementary immunization campaign targeted 349,603 people between the age of six months and 15 years. ([WHO, Gov't. of Bangladesh, 26 Nov 2017](https://reliefweb.int/node/2356259))

For the Measles-Rubella (MR) vaccination, a total of 475,299 children aged between 6 months and less than 15 years received vaccines during the 15 days of campaign and Mop-Up. This represented around 106 per cent of the intended sector target and more than 149 per cent of UNICEF's target. A cumulative number of 1,724 cases of measles was reported as of 2 December 2017. ([UNICEF, 10 Dec 2017](https://reliefweb.int/node/2370049))

As of 24 March 2018, a total of 1,034 suspected measles case has been reported since 1 January 2018, through cumulative weekly case reports of syndromic measles. In week 12, there were 50 new case-patients, slightly lower than the previous three weeks. In order to assess whether measles is still circulating, a rapid sampling strategy has been designed to sample approximately 60 patients over a seven-day period, beginning early April 2018. ([WHO, 27 Mar 2018](https://reliefweb.int/node/2538804))

There were 76 new suspected measles cases in weeks 13 and 14, bringing the total for this year up to 1,148 cases as of 9 April 2018. ([WHO, 12 Apr 2018](https://reliefweb.int/node/2562599)) 

In week 16, there were 24 new suspected measles cases, compared to 191 cases in week 1 (peak). Number of cases reduced to 53 in week 13, 36 cases in week 14 and 32 cases in week 15. Measles sampling strategy to assess viral transmission was implemented on 15 April 2018. The last sample collection date was 23 April 2018. [(WHO, 26 Apr 2018)](https://reliefweb.int/node/2581689/)

In week 19, there were 30 new suspected measles case-patients bringing the total number of cases reported in 2018 to 1,298. [(WHO, Gov't of Bangladesh, 12 May 2018)](https://reliefweb.int/node/2609769/)

In week 20, there were 19 new suspected measles case-patients bringing the total number of cases reported in 2018 to 1,319. [(WHO, Gov't of Bangladesh, 22 May 2018)](https://reliefweb.int/node/2621619/)

 The trend of Measles-Rubella (MR) has been steadily declining with 48 suspected cases in the past two weeks with no deaths. ([UNICEF, 17 Jun 2018](https://reliefweb.int/node/2666099))",2017-07-18,2017-10-26,,0.0,0,0,0.0,2026-09-22 19:10:12
42934,LS-2017-000068-BGD,2017-06-13,2017,Flash Flood,0,National,0,633792.0,"Deadly mudslides triggered by torrential monsoon rains in southeastern Bangladesh are estimated to have claimed at least 135 lives. This disaster occurred just two weeks after Cyclone Mora killed 9 people and caused significant damage across the region. In addition to mudslides, the rains caused severe flooding in low-lying areas, causing significant damage to road and communication infrastructure. Remote communities in Bandarban, Chittagong and Rangamati districts have been cut off and remain without water, electricity, and food supplies. Communities of Rohingya refugees in Bandarban district may also have been affected. Further mudslides are feared due to continued rainfall.

The total estimated death toll currently stands at 98 from Rangamati district, 30 from Chittagong district and 7 from Bandarban district. Many others are injured and in need of medical assistance. ([UN RC, 14 Jun 2017](https://reliefweb.int/node/2075364))

Renewed mudslides in south-eastern Bangladesh have claimed additional lives and further damage to homes and infrastructure. Collapsing hillsides and heavy flooding are now estimated to have killed over 150 people across five districts. ([UN RC, 15 Jun 2017](https://reliefweb.int/node/2077774))

As of 16 June, floods and landslides in the Chittagong Hill Tract region and surrounding areas have killed 156 people. According to UNICEF, 30 to 40 per cent of water points in the affected areas are flooded.([OCHA, 19 Jun 2017](https://reliefweb.int/node/2082584))

The June landslides, which started on 13 June with a few episodes, resulted in heavy loss of life (160 persons), injury (187 persons), and destruction of houses (6,000 structures) and other key infrastructures despite being localized in impact. It is the worst landslide-related disaster since 2007. It affected about 80,000 persons across five districts: Bandarban, Chittagong, Cox’s Bazar, Khagrachari and, Rangamati. Among these people, 34, 000 were severely impacted as they lost their houses together with their belongings, basic necessities, livelihoods and food stocks.Approximately 46% of the most affected persons are from Rangamati, 25% from Bandarban, 25% from Chittagong, 2% from Cox’s Bazar and, 1% from Khagrachari. ([HCTT Response Plan, 12 Jul 2017](https://reliefweb.int/node/2118984))

Monsoon rains have triggered flooding across 11 districts in northeastern Bangladesh, affecting at least 1.3 million people as of 16 July. NGO partners report that vast areas of Moulvibazar and Sylhet remain under water affecting agricultural livelihoods. The Government has released cash grants and distributed food to the affected districts. ([OCHA, 17 Jul 2017](https://reliefweb.int/node/2125374))

On 22 and 23 July, new landslides affected the district of Bandarban in the Chittagong Hill Tracts, with preliminary reports indicating that 6 people have died and 4 people are still missing. Currently, 1,500 people in eight shelter camps are still receiving emergency shelter assistance and food assistance from national authorities. Complementing the government’s efforts, several humanitarian partners are providing shelter assistance, psychosocial support, NFIs and cash for food to 4,300 households. Other agencies are providing shelter, WASH and Sexual and Reproductive Health assistance to 1,500 households. ([OCHA, 24 Jul 2017](https://reliefweb.int/node/2135559))

As of the end of July 2017, national authorities are sheltering roughly 1,500 persons, who receive three cooked meals per day. National authorities are also supporting landslide victims (the families of dead or injured people) through the provision of cash and food packages...According to the government, some 39,164 persons remain severely affected in Bandarban and Rangamati districts. ([UN RC Bangladesh, 31 Jul 2017](https://reliefweb.int/node/2149154))

Flooding has affected the eastern, southern and northern regions of Bangladesh. As of 14 August, 12 deaths have been confirmed, including six children. An estimated 586,000 people in 356 unions of 20 upazilas have been affected. The Government has opened 973 emergency flood shelters, hosting an estimated 68,500 people. The waters of 23 rivers have risen beyond the danger line and further heavy rain and an increased risk of landslides is forecast for coming days. The Government has allocated 31 million BDT and 10,630 MT of rice to flood-affected districts.  ([OCHA, 15 Aug 2017](https://reliefweb.int/node/2169969))

As of 20 August, 5.7 million people in 27 districts have been affected by floods with 300,000 people in emergency shelters, and 98 people known to have died. Access to affected areas is restricted with roads and bridges damaged. The Government allocated US$820,000 as well as rice and dry food parcels, and 1,945 local medical teams have deployed to prevent outbreaks of disease. ([OCHA, 21 Aug 2017](https://reliefweb.int/node/2179619))

As of 27 August, the Government of Bangladesh reports that the floods have affected 32 districts in the northern, north eastern and central parts of the country due to the overflowing of the Brahmaputra-Jamuna river, affecting a total of more than 8 million people. The Ministry of Disaster Management and Relief (MoDMR) informs that 335 shelters in flood-affected areas are sheltering more than 106,000 people. ([UN RC Bangladesh, 28 Aug 2017](https://reliefweb.int/node/2191624))

On 1 September 2017, the HCTT launched an [Emergency Response Plan](https://reliefweb.int/node/2198809) to complement the timely and effective response by the Government of Bangladesh. The plan is seeking US$12 million to provide immediate humanitarian assistance to 330,000 people (45 per cent men, 55 per cent women, 51 per cent children) (66,000 HH) for the next 6 months (August 2017 – January 2018), primarily in the six most affected districts: Gaibhandha, Dinajpur, Kurigram, Amalpur, Nilphamari and Sirajganj. ([UN RC Bangladesh, 4 Sep 2017](https://reliefweb.int/node/2201474))

As of 18 September, floodwaters had begun to recede in 30 of the 32 affected districts, according to the MoDMR. An estimated total of 103,855 houses are reported to have been destroyed and 633,792 have been partially damaged; 145 persons are known to have lost their lives due to the floods. According to an assessment conducted by the Shelter Cluster on 6-9 September 2017, vulnerable, marginalized and poorer communities were the worst affected by the floods, especially communities building with mud-houses or living on chars and embankments. While many are recovering, there remain specific groups that still have urgent needs for emergency shelter support. ([UN RC Bangladesh, 18 Sep 2017](https://reliefweb.int/node/2224954))

As of 28 September, widespread flooding has killed 145 people, affected 8 million people across 32 districts, destroyed 103,855 houses, and damaged 4,636 education infrastructure. According to the needs analysis report issued on 20 September, the priority concerns of flood-affected communities are food security, livelihood and shelter. In the flood-affected areas, most of the crop lands has been submerged for at least 5-7 days causing damage to crops, houses, infrastructures. Most of the houses are made of mud and straw and they have been fully damaged. Many people are still living in makeshifts shelters, in relatives’ home or under the open sky. ([UN RC Bangladesh, 28 Sep 2017](https://reliefweb.int/node/2247819/))
### Appeals & Response Plans

- [![UN RC Bangladesh: Bangladesh: HCTT Response Plan - Monsoon Floods (August 2017-January 2018) - Cover preview](https://reliefweb.int/sites/default/files/styles/small/public/previews/d2/13/d2138af8-b562-3716-a32c-40e1cd1e10ce.png) UN RC Bangladesh: Bangladesh: HCTT Response Plan - Monsoon Floods (August 2017-January 2018)](https://reliefweb.int/node/2198809)

### Useful Links

- [Bangladesh Directorate General of Health Services: Health situation & interventions in flood affected areas](http://www.dghs.gov.bd/index.php/en/home/4601-health-situation-interventions-in-flood-affectedareas)",2017-04-24,2017-08-02,,0.0,0,0,0.0,2026-09-22 19:10:12
42784,TC-2017-000058-BGD,2017-05-27,2017,Tropical Cyclone,1,National,0,0.0,"Severe Cyclonic Storm Mora made landfall in **Bangladesh** on 30 May 2017. The United Nations Institute for Training and Research (UNITAR)-Operational Satellite Applications Programme (UNOSAT) estimates that 10,074,699 people were living in regions that were exposed to wind speeds of 120 km/h or more, and that some districts near Cox’s Bazaar and Chittagong were hit with gusts that topped 130 km/h. 

There were at least six lives lost, as well as 136 people injured, according to the National Health Crisis Management Centre and Control Room of the Directorate General of Health Services (DGHS). Government sources have estimated that approximately 52,000 houses were damaged or destroyed, leaving 260,000 people in possible need of shelter. In particular, Cox’s Bazaar district was heavily hit, with approximately 17,000 residences damaged. Housing for undocumented Myanmar nationals near Cox’s Bazaar was severely damaged. Rohingya refugees are currently without reliable shelter, food, and fuel. ([UN RC, 31 May 2017](https://reliefweb.int/node/2055354))

An estimated 3.3 million people have been affected by Tropical Cyclone MORA, which made landfall in Chittagong Division on 30 May...As of 3 June, 540,000 people are estimated to require humanitarian assistance. The most severely affected area has been Cox’s Bazar, where more than 300,000 Rohingya refugees and Undocumented Myanmar Nationals are residing. Six Rohingya settlements in the area have reportedly been severely affected, with up to 70 per cent of shelters as well as latrines, clinics and other infrastructure damaged. Agencies working in Cox’s Bazar and other affected areas, are providing assistance in support of the Government response. ([OCHA, 5 Jun 2017](https://reliefweb.int/node/2060694))

The storm damaged all UNICEF-supported Child Friendly Spaces in Cox's Bazar. These facilities had been supporting 13,437 children in makeshift settlements and host communities. According to UNICEF, children are at risk of exploitation, abuse and violation, as they are taking shelter with people who are not their immediate family members. Caregivers are busy collecting relief and restoring livelihoods; as a result, children are often left unattended for long periods. This could increase their vulnerability and exposure to risks. ([UNICEF, 20 Jun 2017](https://reliefweb.int/node/2086224/))

According to data made available by the Government of Bangladesh, some 52,000 houses have been damaged or destroyed, leaving more than 200,000 people displaced. The worst-hit area is Cox’s Bazar district. ([ECHO, 6 Jul 2017](https://reliefweb.int/node/2108974))

In **Myanmar**, TC Mora affected the state of Rakhine, particularly Northern Rakhine. The estimate for total number of people affected by the cyclone in Myanmar is not yet available. However, initial results from Myanmar Red Cross Society rapid assessments, conducted 30 and 31 May, indicated that the storm impacted 12 of 17 townships in Rakhine State. The initial figures showed that 3,517 houses were partially damaged while 967 houses were completely damaged in Maungdaw township. 823 houses were damaged in Sittwe, Minbya and Rathedaung townships. A significant number of longhouses and other infrastructure, including latrines and temporary learning spaces, have been destroyed or severely damaged in existing IDP camps in Sittwe and Pauktaw townships. The most urgent needs identified are food, clean drinking water and other forms of basic assistance, including tarpaulins. ([IFRC, 1 Jun 2017](https://reliefweb.int/node/2055564))

The Government of Myanmar and international and national humanitarian partners are conducting assessments and responding to needs following Tropical Cyclone MORA. As of 2 June, the Government reported that over 4,600 houses were destroyed and 11,700 houses damaged. The most severely affected areas are in the northern part of Rakhine State. In the IDP camps in central Rakhine State, hundreds of shelters, temporary learning spaces and latrines also suffered damage or collapsed due to the strong winds. ([OCHA, 5 Jun 2017](https://reliefweb.int/node/2060694))

As of 13 June, official estimates for the total number of people affected in Myanmar were not yet available. Complicating the issue are the decades of protracted tension and communal violence in Rakhine state, where the cyclone hit. Access to some areas, including by humanitarian organizations, remains constricted. Although authorities have allowed some organizations to conduct needs assessments in Maungdaw and Buthidaung, the data is still to be verified and a comprehensive assessment has not been conducted, according to the IFRC. As of 13 June, distribution of NFIs had not yet started in these townships; authorities continued to invoke security concerns to postpone access. ([IFRC, 13 Jun 2017](https://reliefweb.int/node/2072694/))

According to assessments, the cyclone damaged close to 50,000 structures in the northern part of Rakhine State, including more than 21,000 houses and shelters for internally displaced people and more than 26,000 sanitation facilities. ([ECHO, 6 Jul 2017](https://reliefweb.int/node/2108974))

In Maungdaw District, an inter-agency rapid damage and needs assessment conducted from 31 May to 6 June indicated that there are a total 21,504 houses that were damaged; the government’s assessment indicated that a total of 14,990 houses were damaged. ([IFRC, 26 Jul 2017](https://reliefweb.int/node/2140979))
### Appeals & Response Plans

- [![IFRC: Bangladesh: Cyclone Mora - Emergency appeal revision n° MDRBD019 - Cover preview](https://reliefweb.int/sites/default/files/styles/small/public/previews/a0/20/a020d6cd-6c5b-3779-8244-dce0445f95a4.png) IFRC: Bangladesh: Cyclone Mora - Emergency appeal revision n° MDRBD019](https://reliefweb.int/node/2157219)
- [![IOM: Bangladesh | Cyclone Mora Emergency Response | June - December 2017 - Cover preview](https://reliefweb.int/sites/default/files/styles/small/public/previews/b5/5c/b55cf7a3-6654-3007-a605-cc4f8d30c3a8.png) IOM: Bangladesh | Cyclone Mora Emergency Response | June - December 2017](https://reliefweb.int/node/2058084)

### Useful Links

- [Myanmar: MIMU Tropical Storm MORA](http://www.themimu.info/emergencies/tropical-storm-mora)",2017-04-07,2017-07-16,,0.0,0,0,0.0,2026-09-22 19:10:12
35451,FL-2016-000075-BGD,2016-07-04,2016,Flood,0,Nilphamari|Jamalpur|Faridpur|Sunamganj|Bogra|Tangail|Kurigram|Lalmonirhat|Sirajganj|Shariatpur,0,0.0,"At least 820,000 people have been affected by the floods in Bangladesh and the situation is deteriorating on a daily basis. Dangerously high river levels have forced thousands of people from their homes. River levels are forecast to continue rising over the next few days. Many families are living under the open sky and there are shortages of clean water, food, medicine and fuel. The Bangladesh Red Crescent is distributing food in seven affected districts: Kurigram, Bogra, Sirajganj, Jamalpur, Nilphamari, Lalmonirhat and Sunamganj. ([IFRC, 29 Jul 2016](https://reliefweb.int/node/1630676))

As of 3 August, some 3.2 million people across 16 districts of Bangladesh were affected by monsoon-induced floods that began around 22 July. 42 deaths were recorded and 38 officially confirmed, including mostly drowned minors, as nearly 7,400 people sought refuge in 69 flood shelters. Some 250,000 houses were destroyed or damaged. The affected populations are mainly in need of food, water and emergency shelter. More than 300,000 people are stranded in Shariatpur and Faridpur districts. ([ACAPS, 03 Aug 2016](https://reliefweb.int/node/1637391))  

On 11 August, [HCTT Humanitarian Response Plan](https://reliefweb.int/node/1656331), requiring US$ 13,620,052, was presented to the HCTT. 3.7 million people across 19 districts of Bangladesh are affected by monsoon-induced floods. 106 people died to date as a consequence of the floods...[As of] 7 August, 16,770 houses/homesteads were reported completely lost with a further 65,156 partially damaged by erosion. The districts which have experienced the greatest impact of the floods are: Jamalpur, Kurigram, Sirajgonj, Tangail, Gaibanda. Together, these 5 districts account for more than 70% of the affected people. ([Humanitarian Coordination Task Team, 15 Aug 2016](https://reliefweb.int/node/1656331))

As of September, roughly 4.2 million people have been affected by flooding in at least 19 districts since July, according to the government and aid agencies. The flooding has wiped out entire villages and crops, sending farmers deeper into debt. ([IRIN, 8 Sept 2016](https://reliefweb.int/node/1688566))

WFP, together with UNICEF, is responding to significant monsoon flooding in the north-west of Bangladesh. Food Security, Nutrition and WASH assistance will be provided to 150,000 people following confirmation of funding from the United Kingdom. The joint response has been informed by a Multi-sector Rapid Needs Analysis undertaken in August. WFP will provide food assistance to 42,500 people in the four most affected districts with unconditional cash transfers for three months beginning in November. ([WFP, 30 Sept 2016](https://reliefweb.int/node/1733421))

On 16 August, an Emergency Appeal was launched for CHF 1,637,374, to support the Bangladesh Red Crescent Society (BDRCS) to scale up the delivery of humanitarian assistance to 105,000 people. By the end of October, BDRCS-led assistance had reached 62,000 people. ([IFRC, 18 Nov 2016](https://reliefweb.int/node/1784866/))
### Appeals & Response Plans

- [![Govt. Bangladesh: 2016 Humanitarian Response Plan Bangladesh Monsoon Floods, 15th August 2016 - Cover preview](https://reliefweb.int/sites/default/files/styles/small/public/previews/b8/bf/b8bf520c-edd8-338a-8141-19402da9173c.png) Govt. Bangladesh: 2016 Humanitarian Response Plan Bangladesh Monsoon Floods, 15th August 2016](https://reliefweb.int/node/1656331)

### Useful Links

- [Ministry of Disaster Management and Relief - Situation Report (Bengali)](http://www.modmr.gov.bd/site/view/situationreport/Daily-Disaster-Situation-Report)
- [Flood Forecasting and Warning Centre](http://www.ffwc.gov.bd)
- [Bangladesh Meteorological Department](http://www.bmd.gov.bd/index.php)",2016-05-15,2016-08-23,,0.0,0,0,0.0,2026-09-22 19:10:12
33681,TC-2016-000052-MMR,2016-05-20,2016,Flood,0,National,0,0.0,"On 15 May 2016, **Sri Lanka** was hit by a severe tropical storm that caused widespread [flooding and landslides](https://reliefweb.int/disaster/fl-2016-000050-lka) in 22 districts out 25 districts in the country, destroying homes and submerging entire villages. At least 104 people are known to have died following this disaster; 99 people are still missing, many as the result of a landslide in Aranayake, Kegalle District, which devastated three villages. An estimated 301,602 people have been affected by this disaster, including at least 21,484 people who remain displaced from their homes. ([OCHA, 26 May 2016](https://reliefweb.int/node/1545086))

In **Bangladesh**, Cyclone Roanu made landfall on 21 May 2016, causing floods, landslides and submerging homes. Initial reports indicate at least 24 are deceased and up to half a million people have been affected. The death toll may increase as more information becomes available and emergency services reach more remote areas.  Widespread rainfall totals of 150-300 mm are expected, raising significant concerns for life-threatening flooding and landslides. Some communities could be cut off by damaged or flood-ravaged roads and bridges.  ([ECHO, 22 May 2016](https://reliefweb.int/node/1536181)). On 3 June, IFRC launched [Emergency Appeal](https://reliefweb.int/node/1555806) for 2,031,716 Swiss francs (CHF) to support 55,000 people. On 5 June, Humanitarian Coordination Task Team released [Joint Response Plan](https://reliefweb.int/node/1555971) which requests US$ 12 million to assist more than 432,000 vulnerable people in the severely affected areas.

In **Myanmar**,  after passing Chin State and Sagaing Region from 21 to 22 May, Cyclone Roanu has finally dissipated. According to the Government Relief and Resettlement Department, so far there have been no reports of deaths or of any significant displacement caused by the rains or landslides. The Government deactivated its Emergency Operations Centre (EOC) in Nay Pyi Taw on the afternoon of 22 May. ([OCHA, 22 May 2016](https://reliefweb.int/node/1536166/))",2016-03-31,2016-07-09,,0.0,0,0,0.0,2026-09-22 19:10:12
25906,TC-2015-000101-BGD,2015-07-29,2015,Tropical Cyclone,1,National,0,0.0,"The monsoon depression over the northeast Bay of Bengal and adjoining Bangladesh coast intensified into a cyclonic storm named ‘Komen’ on 29 July 2015, threatening to cause further downpours in regions already affected by recent two-phased flash floods and landslides which started since end of June 2015. Since mid-July, IFRC has been monitoring the situation and working closely with BDRCS on necessary response. ([IFRC, 11 Aug 2015](https://reliefweb.int/node/1122966))

Cyclone Komen also brought high winds and further heavy rain to several states and regions in Western and Northern Myanmar, with twelve regions and states affected by flooding. On 31 July, Myanmar’s President declared Chin and Rakhine states and the regions of Sagaing and Magwa, to be natural disaster zones. ([IFRC, 4 Aug 2015](https://reliefweb.int/node/1110151/))

Following landfall by the cyclone on the Bangladesh coast, heavy storms lashed India's West Bengal and Odisha on 1-2 August, exacerbating the situation in already flooded areas. ([ACT Alliance, 4 Aug 2015](https://reliefweb.int/node/1110046))",2015-06-09,2015-09-17,,0.0,0,0,0.0,2026-09-22 19:10:12
23376,FL-2015-000068-BGD,2015-06-10,2015,Flash Flood,0,Bhola|Feni|Bandarban,0,0.0,"Since 24 June, torrential rains have set off flash floods and landslides in the low-lying areas in the south-eastern districts of Cox’ Bazar, Bandarban and Chittagong. The floods drowned hundreds of villages and killed at least 19 people, stranding over 200,000 according to the [situation report](https://reliefweb.int/node/1056681) published by the government’s Disaster Management Information Centre on June 28. The affected are facing a shortage of food supply, safe drinking water and are at the risk of being affected by water-borne diseases. ([IFRC, 3 Jul 2015](https://reliefweb.int/node/1065976))

[Tropical Cyclone Komen](https://reliefweb.int/taxonomy/term/25906/) hit on 31 July, affecting more than 1.5 million people across the coastal districts of Bhola, Cox’s Bazar, Chittagong, Nohakhali, Feni and Bandarban. Thousands of homes were reported flattened or flooded and power supplies were disrupted. More than 161 Red Crescent volunteers have been deployed in search and rescue, first aid and psychosocial support. In early August, while many of the people who evacuated are returning home, some still live on embankments in makeshift shelters. ([IFRC, 6 Aug](https://reliefweb.int/node/1115936))
### Useful Links

- [Flood Forecasting & Warning Centre, Bangladesh Water Development Board (BWDB)](http://www.ffwc.gov.bd)",2015-04-21,2015-07-30,,0.0,0,0,0.0,2026-09-22 19:10:12
15198,FL-2014-000117-BGD,2014-08-27,2014,Flood,0,Netrokona|Nilphamari|Naogaon|Jamalpur|Brahmanbaria|Bogra|Gaibandha|Kurigram|Lalmonirhat|Rangpur|Sirajganj|Sylhet,0,10000.0,"Since 13 Aug 2014, continuous rainfall in north and northeastern Bangladesh, together with the onrush of water from upstream, have caused flash floods in low-lying and densely populated areas. More than 800,000 people have been affected, including 500,000 displaced. As of 25 Aug, humanitarian actors on the ground report nine deaths. The most affected districts include Nilphamari, Lalmonirhat, Kurigram, Rangpur, Gaibandha, Jamalpur, Sirajganj, Sunamjong and Sylhet. ([ACAPS, 27 Aug 2014](https://reliefweb.int/node/686742))

By 1 Sep, the number of affected people had increased to 2.8 million. Among these, more than 57,000 families (275,000 people) are displaced, including more than 31,000 families (150,000 people) whose homes have been totally inundated and destroyed. A total of 99 floods shelters are active in the affected districts, housing some of the displaced population while others have settled in along elevated roads and with host families. ([IFRC, 3 Sep 2014](https://reliefweb.int/node/688394))

Since 19 Sep, additional flooding has hit several districts in the country affecting 400,000 more people. Flash floods triggered by heavy rain and water from upstream hill areas across the border inundated vast areas in Bogra and Kurigram districts, while the Jamalpur town protection embankment developed a breach under pressure of rainwater. The heavy currents of flash floods gushing from Meghalaya of India have caused rapid inundation of Netrokona. Widespread flooding has also hit Lalmonirhat, Gaibandha, Naogaon, Brahmanbaria, and Mymensing leaving hundreds of thousands marooned, damaging houses, roads and embankments. Farmers who had replanted Aman paddy after the water started receding have lost their crops for the second time as more than 10,000 acres of crops were inundated. More than six hundred schools in the affected districts remain closed. ([IFRC, 20 Oct 2014](https://reliefweb.int/node/701353))
### Appeals & Response Plans

- [![FAO: 2014 Strategic Response Plan Bangladesh (Northwest Flood), September 2014 - Cover preview](https://reliefweb.int/sites/default/files/styles/small/public/previews/7c/65/7c65f70c-6d66-39cc-bc4b-6ff0187945e1.png) FAO: 2014 Strategic Response Plan Bangladesh (Northwest Flood), September 2014](https://reliefweb.int/node/695905)

### Useful Links

- [Flood Forecasting & Warning Centre, Bangladesh Water Development Board (BWDB)](http://www.ffwc.gov.bd)
- [Ministry of Disaster Management and Relief (MoDMR)](http://www.dmrd.gov.bd)
- [![Financial Tracking Service - Logo](https://fts.unocha.org/sites/all/themes/custom/fts_public/logo.png)](https://ftsarchive.unocha.org/pageloader.aspx?page=emerg-emergencyCountryDetails&cc=bgd)",2014-07-08,2014-10-16,,0.0,0,0,0.0,2026-09-22 19:10:12
12589,TC-2013-000060-LKA,2013-05-15,2013,Flash Flood,0,Patuakhali,0,0.0,"On 14 May, Cyclone Mahasen brought heavy rains and landslides to Sri Lanka, with seven people confirmed dead and 3,881 people displaced due to the resulting heavy rains and landslides. In Bangladesh, following the raising of warning signals to 7 from a possible 10 (expecting severe weather) for Cox’s Bazaar and Chittagong, the Government ordered the evacuation of about one million people from 15 coastal districts. In Myanmar, a total of 35,550 people were relocated from Sittwe, Minbya, Myauk U, Kyauktaw, Rathedaung, Myebon and Pauktaw in Rakhine state. ([OCHA, 15 May 2013](https://reliefweb.int/node/576322))

Cyclone Mahasen made landfall in southern Bangladesh's Patuakhali district on 16 May, affecting almost 1.5 million people and killing 17. More than 26,500 houses were destroyed and almost 124,500 damaged. Large tracts of standing crops were flattened and numerous fish ponds and fish culture washed away. ([IFRC, 6 Jun 2013](https://reliefweb.int/node/581071))
### Useful Links

- [Joint Typhoon Warning Center](http://jtwccdn.appspot.com/JTWC)
- [OCHA Regional Office in Asia and the Pacific (ROAP)](http://www.unocha.org/roap)
- [Myanmar Information Management Unit](http://themimu.info/Cyclone%20Mahasen/index.php)
- [Bangladesh Ministry of Disaster Management and Relief](http://www.cdmp.org.bd/modules.php?name=Situation)
- [Sri Lanka Humanitarian Response](http://srilanka.humanitarianresponse.info)
- [Sri Lanka Disaster Management Center, Ministry of Disaster Management](http://www.dmc.gov.lk/index_english.htm)",2013-03-26,2013-07-04,,0.0,0,0,0.0,2026-09-22 19:10:12
12272,ST-2013-000032-BGD,2013-03-22,2013,Severe Local Storm,10,Brahmanbaria,0,0.0,"A tornado ripped through more than a dozen rural villages in eastern Bangladesh in the district of Brahmanbaria on 22 Mar 2013, killing at least 26 people, severely injuring 388 and affecting 1,633 families. More than 1,400 houses were destroyed and more than 100 homes damaged. ([IFRC, 27 Mar 2013](https://reliefweb.int/report/bangladesh/bangladesh-severe-local-storm-information-bulletin-no-1))",2013-01-31,2013-05-11,,0.0,0,0,0.0,2026-09-22 19:10:12
11745,CW-2013-000001-BGD,2012-12-26,2012,Cold Wave,4,Dinajpur,0,0.0,"A cold wave struck the northern districts of the sub-Himalayan regions of Bangladesh, claiming more than 72 lives since mid-December 2012. The number of pneumonia and diarrhoeal patients, mostly older population and children, continues to increase. The cold wave has also caused crop and other natural resource losses, which will have a longer term negative impact on the economic situation of the country. The communities in the north were already affected by seasonal flood three times in 2012 and are now left with limited financial resources to purchase any materials to deal with the cold. ([IFRC, 4 Jan 2013](https://reliefweb.int/node/547775))

According to the representative of the Dinajpur district meteorological office, the minimum temperature of Dinajpur in 2013 fell to 3.2 degree Celsius (on 9 January 2013) which is the lowest in the last four decades. ([IFRC, 9 Jul 2013](https://reliefweb.int/node/587898))",2012-11-06,2013-02-14,,0.0,0,0,0.0,2026-09-22 19:10:12
10796,FL-2012-000106-BGD,2012-06-27,2012,Flash Flood,0,Bhola|Noakhali,0,0.0,"Torrential rain starting on 23 Jun 2012 resulted in floods and landslides, killing 139 people and causing the destruction of homesteads and significantly affecting ten districts in the northern and south-eastern parts of Bangladesh. More than 5 million people were affected by the floods, which damaged over 360,000 houses and 230,000 areas of crops. A total of 50,778 people were evacuated to 246 shelters. ([IFRC, 15 Nov 2012](https://reliefweb.int/node/537293)).

On 10 Oct, a heavy tropical storm hit some remote islands of the coastal districts of Noakhali, Bhola and Chittagong, killing at 36 people and damaging over 24,000 houses ([IFRC, 3 Dec 2012](https://reliefweb.int/node/541352)).
### Useful Links

- [Ministry of Food and Disaster Management CDMC Daily Situation Report](http://www.cdmp.org.bd/modules.php?name=Situation)
- [Flood Forecasting and Warning Centre](http://www.ffwc.gov.bd)
- [Bangladesh Meteorological Department](http://www.bmd.gov.bd/index.php)",2012-05-08,2012-08-16,,0.0,0,0,0.0,2026-09-22 19:10:12
9210,EQ-2011-000136-IND,2011-09-17,2011,Earthquake,8,National,0,0.0,"A strong 6.8-magnitude earthquake hit northeast India on 18 Sep 2011 in the small, landlocked Himalayan state of Sikkim, which borders Nepal, Bhutan and Tibet. The epicenter of the quake was 64 kilometer northwest of Gangtok. ([WHO, 19 Sep 2011](https://reliefweb.int/node/448188/))

The earthquake caused widespread damage to the infrastructure in Sikkim and killed more than 110 people. The main shock was followed by several aftershocks of low intensity which have triggered landslides in the backdrop of persistent heavy rains. ([IFRC, 4 Oct 2011](https://reliefweb.int/node/450558))

In Nepal, the earthquake killed seven people and injured 88. More than 47,000 people were displaced, almost 8,000 houses were destroyed and more than 13,000 damaged. Several hundred schools and classrooms as well as dozens of health posts and public buildings also suffered damage. ([IFRC, 10 Feb 2012](https://reliefweb.int/node/476004))

In Bhutan, over 8,000 households were affected by the earthquake; more than 4,200 people were displaced. 845 houses, 110 schools, 36 hospitals and health units and religious structures were destroyed or severely damaged. ([OCHA, 14 Oct 2011](https://reliefweb.int/node/453052))

In Tibet, seven people were killed and 136 injured. The quake slightly damaged about 13,000 houses, with another 4,500 destroyed or severely damaged. ([Xinhua, 21 Sept 2011](https://reliefweb.int/node/448172))

In Bangladesh, the tremor damaged a number of buildings and infrastructure, but no casualties or massive destruction were reported ([Government, 19 Sep 2011](https://reliefweb.int/node/447450))",2011-07-29,2011-11-06,,0.0,0,0,0.0,2026-09-22 19:10:12
8789,FL-2011-000093-BGD,2011-07-04,2011,Flood,0,Cox's Bazar,0,0.0,"Since mid-July torrential monsoon rains coupled with a depression in the Bay of Bengal has caused devastating flash floods across the Cox’s Bazar district in Bangladesh. ([IFRC, 1 Aug 2011](https://reliefweb.int/node/438356/))

Since 24 Jul 2011, a considerable number of districts in Bangladesh have reportedly flooded. Seasonal floods were compounded by factors such as heavier rainfall; increase of tidal water level due to depression in the Bay of Bengal and overflow of water from areas upstream. Around 300,000 people in Cox's Bazar district are reported to be marooned as the flood situation deteriorated, and at least 10 people have died. The seawater has overflown the coastal embankment and has now entered neighbouring villages. Low-lying areas of more than 50 Union Parisads of the district are now inundated. adjoining Chittagong district from a rain-triggered landslide. ([IFRC, 27 Jul 2011](https://reliefweb.int/node/436265/))

Heavy monsoon rains have caused several major rivers in Bangladesh to burst their banks, displacing thousands and affecting nearly a million people in all. ([IRIN, 22 Aug 2011](https://reliefweb.int/node/442373))
### Useful Links

- [Disaster Management Bureau](http://www.dmb.gov.bd)
- [Flood Forecasting and Warning Centre](http://ffwc.gov.bd)
- [Bangladesh Meteorological Department](http://www.bmd.gov.bd)
- [Bangladesh Red Crescent Society](http://www.bdrcs.org)
- [UN in Bangladesh](http://www.un-bd.org)",2011-05-15,2011-08-23,,0.0,0,0,0.0,2026-09-22 19:10:12
6842,CW-2011-000004-BGD,2011-01-07,2011,Cold Wave,4,National,0,0.0,"From 7 January 2011, severe cold wave with dense fog swept through Bangladesh. According to the Meteorological Department, the temperature was 2 to 5 degrees Celsius lower than the normal average during this time of year. ([IFRC, 14 Jan 2011](https://reliefweb.int/node/380957)) More than 50 people, mostly children and the elderly, died due to the severe cold and cold related diseases. A DREF operation was launched on 14 January, and the distribution of warm clothing and blankets was completed by 14 February 2011. ([IFRC, 18 Jul 2011](https://reliefweb.int/node/426583))",2010-11-18,2011-02-26,,0.0,0,0,0.0,2026-09-22 19:10:12
6729,FL-2010-000114-BGD,2010-06-15,2010,Flood,0,Habiganj|Netrokona|Sunamganj|Kurigram|Gaibandha|Lalmonirhat|Bandarban|Sylhet,0,0.0,"The northeastern and northern districts including Sylhet, Moulavibazar, Sunamganj, Habiganj, Netrokona, Kurigram, Gaibandha, Lalmonirhat of Bangladesh were inundated due to heavy floods. In Fenchuganj upazilla, a sub district in Sylhet, more than 55,000 people were affected. More than 32 educational institutions were closed down and some were submerged under water. In Beanibazar upazilla, many villages were inundated after the flood protection embankments collapsed due to heavy rainfall. In three unions of the Bishwanath upazilla almost all villages were flooded, affecting 15,000 people. In the Balagonj upazilla more than 30,000 people’s houses and cropland were inundated by flood water. In the Lalmonirhat district, at least 5,000 families in 35 villages under four upazillas were affected due to flooding. ([IFRC, 29 Jun 2010](https://reliefweb.int/node/359484/))

The flood situation in the Lalmonirhat district worsened with the inundation of fresh low-lying areas in 37 villages of 10 unions of five upazilas. The Teesta swelled so fast on that villagers did not get enough time to remove their belongings. Heavy rain coupled with onrush of hill water triggered flash flood in the vast areas rendering thousands of families marooned in Kurigram district. ([NIRAPAD, 29 Jun 2010](https://reliefweb.int/node/359559/))

Heavy rainfalls accompanied by gusty winds that took place from 14 till 15 June 2010 in the south-eastern part of Bangladesh resulted in devastating landslides and flash floods in the districts of Cox's Bazaar and Bandarban. Local administration sources confirmed that at least 55 people died as a result of the landslides, while over 100 others were injured and 12 people were missing. The rainfall also caused a significant amount of damage to homes, crops, shrimp cultivation farms and communication systems. At least 2,797 families in the Cox's Bazaar and Bandarban districts were badly affected. ([IFRC, 22 Jun 2010](https://reliefweb.int/node/359010/))

Persistent rain caused serious damage to houses directly affecting more than 12,000 people, destroying livelihoods and communication systems. The worst rain in decades caused mudbanks to collapse, burying thatched homes and blocking main roads. ([IFRC, 23 Jun 2010](https://reliefweb.int/node/358955/))",2010-04-26,2010-08-04,,0.0,0,0,0.0,2026-09-22 19:10:12
6721,ST-2010-000074-IND,2010-04-14,2010,Severe Local Storm,10,Lalmonirhat,0,0.0,"On 13th April 2010, a severe storm struck parts of Bangladesh and eastern India. The storm killed 134 people in India: 90 people in the state of Bihar, 40 in West Bengal, and four in Assam. More than 407,220 dwellings were destroyed and approximately 300,000 dwellings were at least partially damaged. ([ACT Alliance, 30 Jun 2010](https://reliefweb.int/node/359614))　
 
In the northern part of Bangladesh, eight people were killed and more than 200 people were injured. This storm also damaged around 50,000 dwellings, and about 100 educational institutes and standing corps. On 17 April, another storm hit the Lalmonirhat district which killed three people and damaged almost 2,000 dwellings. ([IFRC, 10 Dec 2010](https://reliefweb.int/node/377636))",2010-02-23,2010-06-03,,0.0,0,0,0.0,2026-09-22 19:10:12
6230,CW-2010-000005-IND,2010-01-04,2010,Cold Wave,4,National,0,0.0,"India, Nepal and Bangladesh experienced a severe cold wave from mid December 2009 till the end of January 2010.
 
The cold wave killed more than 500 people along the vast swathes of North India. There were 450 deaths in Uttar Pradesh and, nearly 40 in Bihar, while Jammu & Kashmir, Himachal Pradesh, Punjab and Haryana staggered under sub-zero temperatures. ([Times of India, 22 Jan 2010](https://reliefweb.int/node/342213))
 
In Nepal, life in the Terai was adversely affected by the cold wave and dense fog throughout January.  Thirty-five people died: 28 in the Eastern Region and Central Terai; and seven in the Mid- and Far-Western Regions. ([OCHA, 31 Jan 2010](https://reliefweb.int/node/345187))
 
In the northern and south-western parts of Bangladesh, the cold wave claimed 135 lives with most victims being children and the elderly. IFRC allocated funds on 21 January 2010 to deliver immediate assistance to some 50,000 people. ([IFRC, 21 Jan 2010](https://reliefweb.int/node/342054)) The operation ended in mid April 2010 ([IFRC, 25 Jun 2010](https://reliefweb.int/node/359183))",2009-11-15,2010-02-23,,0.0,0,0,0.0,2026-09-22 19:10:12
4793,DR-2009-000153-IND,2009-07-28,2009,Drought,2,National,0,0.0,No detailed description available.,2009-06-08,2009-09-16,,0.0,0,0,0.0,2026-09-22 19:10:12
6094,FL-2009-000123-BGD,2009-07-04,2009,Flood,0,National,0,0.0,No detailed description available.,2009-05-15,2009-08-23,,0.0,0,0,0.0,2026-09-22 19:10:12
4708,TC-2009-000105-BGD,2009-05-25,2009,Tropical Cyclone,1,National,0,0.0,"The catastrophic Cyclone Aila hit the south-western coast of **Bangladesh** on 25 May 2009, killing 190 people, affecting more than 3.9 million people across the 11 coastal districts, disrupting their livelihoods, and destroying infrastructure. An estimated 243,000 houses were fully destroyed and over 373,000 were partially damaged. Thousands of people took shelter in different cyclone shelters, schools, and makeshift shelters on embankments. IFRC's emergency appeal was initially launched on 24 June 2009 of CHF 2,355,249 (USD 2.2 million or EUR 1.6 million) for nine months to assist 36,800 families (or 184,000 beneficiaries). ([IFRC, 30 Jun 2010](https://reliefweb.int/node/359834))

**India:** Cyclone AILA, which hit coastal West Bengal on 25 May, was described as one of the worst storms to hit Kolkata in 20 years. ([IFRC, 29 May 2009](https://reliefweb.int/node/311226/)) As of 30 June, 138 people had died and an estimated 6.8 million people were affected by the cyclone in the state. With large areas of the state submerged, the availability of clean drinking water was a serious challenge, and water-borne diseases were a major threat; 28 diarrhoeal deaths were registered and more than 85,000 cases of diarrhoea were reported. While 18 out of the 19 districts in West Bengal were affected, the situation was particularly precarious in South 24 Parganas and North 24 Parganas districts of the Sunderbans area. Approximately 945,000 houses have been damaged, the majority of them in Sunderbans. ([UNICEF, 30 Jun 2009](https://reliefweb.int/node/317701/))",2009-04-05,2009-07-14,,0.0,0,0,0.0,2026-09-22 19:10:12
5871,ST-2009-000092-IND,2009-05-03,2009,Severe Local Storm,10,National,0,0.0,No detailed description available.,2009-03-14,2009-06-22,,0.0,0,0,0.0,2026-09-22 19:10:12
6568,TC-2009-000078-BGD,2009-04-17,2009,Tropical Cyclone,1,Bagerhat|Barguna|Noakhali|Bhola|Pirojpur,0,0.0,"Cyclone Bijli struck the costal line of Chittagong on the 14 April. Due to the cyclonic storm “Bijli”, at least 24 upazilas, 76 unions, 6600 families and 92558 people of Chittagong, Cox’s Bazar, Noakhali and Bhola were affected. At least 5 people was reported dead. Approximately, 15000 people in Laxmipur, 3000 in Bagerhat, 7000 in Pirojpur and 10000 in Barguna were in shelters. ([Gov’t of Bangladesh, 20 Apr 2009](https://reliefweb.int/node/305186/))",2009-02-26,2009-06-06,,0.0,0,0,0.0,2026-09-22 19:10:12
5304,TC-2008-000204-BGD,2008-10-27,2008,Tropical Cyclone,1,National,0,0.0,No detailed description available.,2008-09-07,2008-12-16,,0.0,0,0,0.0,2026-09-22 19:10:12
5738,FL-2008-000096-BGD,2008-06-22,2008,Flood,0,National,0,0.0,No detailed description available.,2008-05-03,2008-08-11,,0.0,0,0,0.0,2026-09-22 19:10:12
6509,TC-2007-000208-BGD,2007-11-15,2007,Tropical Cyclone,1,National,0,0.0,No detailed description available.,2007-09-26,2008-01-04,,0.0,0,0,0.0,2026-09-22 19:10:12
5520,EQ-2007-000157-IDN,2007-09-12,2007,Earthquake,8,National,0,0.0,No detailed description available.,2007-07-24,2007-11-01,,0.0,0,0,0.0,2026-09-22 19:10:12
4794,FL-2007-000129-PAK,2007-06-19,2007,Flood,0,National,0,0.0,No detailed description available.,2007-04-30,2007-08-08,,0.0,0,0,0.0,2026-09-22 19:10:12
5445,FF-2007-000080-BGD,2007-06-11,2007,Flood,0,National,0,0.0,No detailed description available.,2007-04-22,2007-07-31,,0.0,0,0,0.0,2026-09-22 19:10:12
5610,TC-2007-000060-BGD,2007-05-15,2007,Tropical Cyclone,1,National,0,0.0,No detailed description available.,2007-03-26,2007-07-04,,0.0,0,0,0.0,2026-09-22 19:10:12
5227,CW-2007-000001-BGD,2007-01-03,2007,Cold Wave,4,National,0,0.0,"Throughout January and February 2007, **Bangladesh** reeled under a cold wave that caused suffering for approximately 1.9 million vulnerable people who were heavily impacted by the cold spells across the country, especially in the far northern districts. The death toll across the country reached 141 (as of 24 January 2007) and cold-related diseases saw a sharp rise. ([IFRC, 18 May 2007](https://reliefweb.int/node/233153/))  

Cold weather across northern and eastern **India** killed at least 80 people as of 5 January 2007. In India's most populous state of Uttar Pradesh, 34 people died as nighttime temperatures plummeted to close to freezing. ([Reuters, 5 Jan 2007](https://reliefweb.int/node/223097/))

On 8 January 2007, media reported that the total death toll from the weeklong cold snap that swept across the southern **Nepalese** plains reached at least 48. Most of the fatalities were reported from Siraha, Rautahat, Bara and Mahottari in eastern Nepal, which faced the brunt of the cold. ([DPA, 8 Jan 2007](https://reliefweb.int/node/223195/). 

Parts of **Pakistan,** where at least 16 people died, recorded their lowest temperatures in more than 70 years. Refugees from the [2005 earthquake](https://reliefweb.int/disaster/eq-2005-000174-pak) who were living in makeshift accommodation suffered particular hardship, but fatal freezing cases were reported countrywide. Temperatures fell to as low as -14 degrees Celsius in northern areas. The cold weather highlighted acute shortfalls in the country's energy supply, especially of natural gas, as households increased their use of gas heaters. ([DPA, 8 Jan 2007](https://reliefweb.int/node/223282/))",2006-11-14,2007-02-22,,0.0,0,0,0.0,2026-09-22 19:10:12
6711,ST-2006-000152-BGD,2006-10-19,2006,Severe Local Storm,10,National,0,0.0,No detailed description available.,2006-08-30,2006-12-08,,0.0,0,0,0.0,2026-09-22 19:10:12
6491,FL-2006-000131-BGD,2006-08-29,2006,Flood,0,National,0,0.0,No detailed description available.,2006-07-10,2006-10-18,,0.0,0,0,0.0,2026-09-22 19:10:12
6053,TO-2006-000032-BGD,2006-03-06,2006,Severe Local Storm,10,National,0,0.0,No detailed description available.,2006-01-15,2006-04-25,,0.0,0,0,0.0,2026-09-22 19:10:12
6490,CW-2006-000005-IND,2006-01-17,2006,Cold Wave,4,National,0,0.0,No detailed description available.,2005-11-28,2006-03-08,,0.0,0,0,0.0,2026-09-22 19:10:12
5817,FL-2005-000176-BGD,2005-10-13,2005,Flood,0,National,0,0.0,No detailed description available.,2005-08-24,2005-12-02,,0.0,0,0,0.0,2026-09-22 19:10:12
4870,ST-2005-000162-IND,2005-09-21,2005,Severe Local Storm,10,National,0,0.0,No detailed description available.,2005-08-02,2005-11-10,,0.0,0,0,0.0,2026-09-22 19:10:12
5489,TO-2005-000049-BGD,2005-03-24,2005,Severe Local Storm,10,National,0,0.0,No detailed description available.,2005-02-02,2005-05-13,,0.0,0,0,0.0,2026-09-22 19:10:12
6612,FL-2004-000044-BGD,2004-06-28,2004,Flood,0,National,0,0.0,No detailed description available.,2004-05-09,2004-08-17,,0.0,0,0,0.0,2026-09-22 19:10:12
4744,N/A,2004-04-15,2004,Severe Local Storm,10,National,0,0.0,No detailed description available.,2004-02-25,2004-06-04,,0.0,0,0,0.0,2026-09-22 19:10:12
6354,N/A,2003-07-02,2003,Flash Flood,0,National,0,0.0,No detailed description available.,2003-05-13,2003-08-21,,0.0,0,0,0.0,2026-09-22 19:10:12
4658,ST-2003-000211-BGD,2003-05-06,2003,Tropical Cyclone,1,National,0,0.0,No detailed description available.,2003-03-17,2003-06-25,,0.0,0,0,0.0,2026-09-22 19:10:12
6659,N/A,2003-01-13,2003,Cold Wave,4,National,0,0.0,No detailed description available.,2002-11-24,2003-03-04,,0.0,0,0,0.0,2026-09-22 19:10:12
5604,ET-2002-000819-BGD,2002-12-15,2002,Cold Wave,4,Rajshahi,0,0.0,"From 15 December 2002 to early February 2003, a severe cold spell swept **Bangladesh,** a country with a tropical monsoon climate where winters are generally mild and short. The Meteorological Department reported that the temperatures dropped to 4 degrees Celsius in some areas, and to 8-11 Celsius in others. According to the same source this was one of the coldest waves since 1968. ([IFRC, 13 Mar 2003](https://reliefweb.int/node/121034/)) More than 700 people reportedly died countrywide as a result of low temperatures. Most casualties were reported in the north-western district of Rajshahi and the south-eastern district of Barisal. ([OCHA, 5 Feb 2003](https://reliefweb.int/node/118523/))

**India** was the worst affected by the cold spell, especially the north-eastern states of Bihar and Uttar Pradesh, where more than 900 deaths were reported. The cold weather was also felt in Rajasthan, Punjab, Haryana, Jammu and Kashmir, Himachal Pradesh, Jharkhand and Delhi. ([OCHA, 5 Feb 2003](https://reliefweb.int/node/118523/))

In **Nepal,** the cold weather claimed around 60 lives. ([OCHA, 5 Feb 2003](https://reliefweb.int/node/118523/)) Most of the fatalities were reported from the districts of Banke and Bardia in the Terai plains in the foothills of the Himalayas. ([IFRC, 22 Jan 2003](https://reliefweb.int/node/117492/))",2002-10-26,2003-02-03,,0.0,0,0,0.0,2026-09-22 19:10:12
5646,ST-2002-000702-IND,2002-11-15,2002,Tropical Cyclone,1,National,0,0.0,No detailed description available.,2002-09-26,2003-01-04,,0.0,0,0,0.0,2026-09-22 19:10:12
4919,FL-2002-000536-MMR,2002-08-22,2002,Flood,0,National,0,0.0,No detailed description available.,2002-07-03,2002-10-11,,0.0,0,0,0.0,2026-09-22 19:10:12
5931,FL-2002-000402-BGD,2002-07-17,2002,Flood,0,National,0,0.0,No detailed description available.,2002-05-28,2002-09-05,,0.0,0,0,0.0,2026-09-22 19:10:12
5558,ST-2002-000233-BGD,2002-05-03,2002,Tropical Cyclone,1,National,0,0.0,No detailed description available.,2002-03-14,2002-06-22,,0.0,0,0,0.0,2026-09-22 19:10:12
6404,ST-2000-000713-BGD,2000-10-29,2000,Tropical Cyclone,1,National,0,0.0,No detailed description available.,2000-09-09,2000-12-18,,0.0,0,0,0.0,2026-09-22 19:10:12
4633,FL-2000-000617-BGD,2000-08-21,2000,Flood,0,National,0,0.0,No detailed description available.,2000-07-02,2000-10-10,,0.0,0,0,0.0,2026-09-22 19:10:12
5837,FL-2000-000373-BGD,2000-05-29,2000,Severe Local Storm,10,National,0,0.0,No detailed description available.,2000-04-09,2000-07-18,,0.0,0,0,0.0,2026-09-22 19:10:12
5152,ST-2000-000211-BGD,2000-05-02,2000,Severe Local Storm,10,National,0,0.0,No detailed description available.,2000-03-13,2000-06-21,,0.0,0,0,0.0,2026-09-22 19:10:12
